,channel_name,location,channel_id,lat_long,no_videos,word_count,population,video_duration,mean_syl_sec,std_syl_sec
0,Ownby US/VA Government,"Richmond, Virginia",UCMJ9hCPzPs_DiPcX-GQEjZw,"(37.5633011, -77.4569801)",4,1478,227032.0,516.489,6.5890191800288855,0.6394647568792717
1,Florida Government,"St. Petersburg, Florida",UCy9172bFY8usKzYt_KQGBJw,"(27.7739864, -82.64083219999999)",4,3140,263255.0,1167.559,5.8768404686809825,0.40726409564319893
2,Pennsylvania Municipal League,"Harrisburg, Pennsylvania",UC4XZkKTzJb1Mn4PBweUcP6Q,"(40.2627665, -76.8867669)",32,14796,49192.0,5344.8189999999995,5.66117322758629,0.5554315883610178
3,Town of Wiggins,"Wiggins, Colorado",UCLfzJYfsilF0D3dQGKMpGbw,"(40.2305363, -104.0727278)",19,319767,887.0,140004.14800000002,5.569556813700456,0.1260013491413815
4,"Orange County, NY Government","Orange County, New York",UCU3TVLdskRq8PPcLuNugy1A,"(41.3911653, -74.3118212)",2,12876,382226.0,4477.63,5.568528034151244,0.09192802722880355
5,Greenville Wisconsin,"Greenville, Wisconsin",UCJdbHHH0GVrnrLQ2P5rsy9Q,"(44.3002628, -88.53649539999999)",32,103818,12091.0,63577.53999999999,5.556118888512854,0.3588001260081553
6,News Now Colorado,"Colorado Springs, Colorado",UCmQIlF7oc5d4MFoqCLYWxrA,"(38.841051, -104.739221)",16,15606,464474.0,8682.739,5.54658947621471,0.3933665585830641
7,Prince George's County Government,"Upper Marlboro, Maryland",UCO2d1EtrwB-VuFJAOxsApLg,"(38.8180043, -76.7508472)",1,14954,673.0,7773.679,5.54460142617823,
8,"City of Lewiston, ME","Lewiston, Maine",UCprFi23oI7DclYQ8kxx_mmQ,"(44.100351, -70.21477639999999)",14,17614,36221.0,10254.516000000001,5.533315189881638,0.6073816754300825
9,CityofDurhamNC,"Durham, North Carolina",UCHUDjJ4VIFaf3a9ap9s5qEA,"(35.9940329, -78.898619)",225,403093,267743.0,171316.86299999992,5.510995490892958,0.3881832280806331
10,CityOfTitusville,"Titusville, Florida",UCvQPDngBunvcPZsioiJuQ_g,"(28.6122187, -80.8075537)",10,10104,46263.0,4171.41,5.5058702776261566,0.4590776327388426
11,Orange County North Carolina Video,"Hillsborough, North Carolina",UCWv68m-BGtw4OBxzOMB8fnQ,"(36.0741901, -79.0808665)",38,27582,7231.0,10902.093,5.494132029011131,0.6826613287370079
12,CO Pearland,"Pearland, Texas",UCRAyWlB2d1XLCJ8SHH8xyxQ,"(29.5434205, -95.2225551)",31,10862,119940.0,4016.8219999999997,5.490061417754435,0.5002416133028288
13,Illinois Youth & Government,"Downers Grove, Illinois",UCpPYpbakFJmcoyhF-9mersw,"(41.8330175, -88.01940429999999)",7,7989,148736.0,3761.2889999999998,5.484223686233998,0.05143677657358158
14,City of Mt. Pulaski,"Mount Pulaski, Illinois",UCUGntHxJMcrkLQTsfMI0eaw,"(40.0108767, -89.282314)",8,27614,2013.0,16149.908000000001,5.4753520292608595,0.10879280813160006
15,"City of Portage, WI","Portage, Wisconsin",UC1js1AsdSXS9xpPGeQDfHSQ,"(43.5391486, -89.46262019999999)",8,2276,10473.0,887.848,5.465592391895587,0.7146162833195875
16,Montana Municipal Interlocal Authority,"Helena, Montana",UCTJLv2_9DzbmeSdMrqOzHYQ,"(46.616824, -112.030694)",3,2189,31429.0,769.47,5.454412286309349,0.3614001846001673
17,"City of Ammon, Idaho","Ammon, Idaho",UC9fNsA0JthGQ7mD8wB7FJXQ,"(43.4696366, -111.9666355)",1,1043,15540.0,457.48,5.444525815933273,
18,"Lake County, FL - Government","Tavares, Florida",UCd3YB4jmtmtKA1VkRXw33aQ,"(28.801728, -81.72981)",26,9014,16865.0,3595.774,5.438373981222266,0.7059999644531926
19,"Apache County, AZ","Apache County, Arizona",UC2nB5nlo3B_zC-BapdrSE5A,"(35.5313224, -109.3783206)",2,12643,71606.0,6530.079,5.435305879548029,0.2876743007581677
20,Utah Office of the State Auditor Local Government Division,"Salt Lake City, Utah",UC_zj1HbPzVfj5hzv89KCu6w,"(40.7775314, -111.8878716)",6,1611,200544.0,691.9499999999999,5.432779471485773,0.360881584014676
21,Green Government Montgomery County MD,"Bethesda, Maryland",UCvrndKse0tZwqiF70tW7m_w,"(38.9850174, -77.08889719999999)",9,3923,,1466.4199999999998,5.4320162035915684,0.4334213184597347
22,League of Minnesota Cities,"St Paul, Minnesota",UC7dPiX83ITyP5YJokRKC8rw,"(44.95609, -93.10669)",16,8733,,3298.4550000000004,5.425508953732058,0.31155910186512537
23,NM Youth And Government,"Albuquerque, New Mexico",UC6ZG3Yjs3LoQnRtvrbZ0gYg,"(35.1116958, -106.6320615)",4,4842,558545.0,1752.71,5.411983542283572,0.18366464860265366
24,City of El Paso Texas,"El Paso, Texas",UCwYdX-cXdg609Ppl8Bjq07g,"(31.7618778, -106.4850217)",27,92219,683577.0,46173.048,5.411660228635675,0.40015677556047535
25,"City of Gravette, Arkansas - Official","Gravette, Arkansas",UC5L-KVG-9wiBtZRebmjX5pQ,"(36.4220207, -94.4535484)",3,1067,3304.0,364.88,5.411570943275741,0.3967945666645433
26,"City of Jacksonville, Florida","Jacksonville, Florida",UCDz1-m1rzglGoYCHG-yTLaA,"(30.3321838, -81.65565099999999)",7,5902,892062.0,2199.19,5.4018353557491565,0.4855158097331859
27,City of Woodbury MN,"Woodbury, Minnesota",UCDsJCsK3YLLVgRbg34kABMA,"(44.9238552, -92.9593797)",312,240156,69756.0,89981.95100000004,5.401293384499612,0.4147005587453534
28,Oklahoma Municipal League,"Oklahoma City, Oklahoma",UCq709y5jiSJf5sPulXKoXww,"(35.493524, -97.507459)",11,3655,643648.0,1455.7779999999998,5.401276928648693,0.47538026325558463
29,City of Milwaukie Oregon,"Milwaukie, Oregon",UCRFbfqe3OnDWLQKSB_m9cAw,"(45.4465323, -122.6323315)",8,8091,20801.0,3203.296,5.390803794265695,0.4324306792568317
30,"County of El Paso, Texas Commissioners Court Public Meetings","El Paso, Texas",UC-2RxYOS6Y6VkDlp5eM0OLA,"(31.7582637, -106.4841176)",52,725858,683577.0,432599.11600000004,5.39037758293489,0.1392137921159014
31,"City of Sanford, FL","Sanford, Florida",UCrOGg6n2Qjw6yujcrwc0Z3g,"(28.8028612, -81.269453)",17,14679,59317.0,5633.496,5.38953605013386,0.4579708147500871
32,Georgia Municipal Cemetery Association,"Atlanta, Georgia",UChq_4HlWrpaIhozKkgS2LWA,"(33.7496533, -84.39302839999999)",1,5824,486290.0,2207.52,5.388513314606231,
33,New Mexico House of Representatives,"Santa Fe, New Mexico",UCIrMQ6ct5h9f2f6-_uZpNOw,"(35.6821782, -105.9396627)",7,1259,83776.0,452.78700000000003,5.387270093695534,0.5000381177626175
34,CityOfBeatriceNE,"Beatrice, Nebraska",UCNqBm24raflfC7qGBgqLQbQ,"(40.2659269, -96.7466913)",93,547113,12295.0,207229.083,5.38516003622256,0.2173615802245552
35,City of Maricopa,"Maricopa, Arizona",UCcGYzD73sGc7P9gH6kZJC3A,"(33.0581063, -112.0476423)",104,316325,48007.0,127477.71699999995,5.379249799419055,0.3967156678271874
36,City of Las Vegas Government,"Las Vegas, Nevada",UCH9xyXcOBq9hEEkkx9iaojw,"(36.1674222, -115.1487183)",17,25476,641676.0,10316.026999999998,5.375077131874134,0.6249120418432843
37,Falls Township PA,"Fairless Hills, Pennsylvania",UCXkR2V1sBOCmVB3S5aHEjTA,"(40.1740577, -74.8530595)",46,412289,,165072.77799999993,5.3726432582944685,0.1621888498550274
38,cityofminneapolis,"Minneapolis, Minnesota",UC1IHi7mIMbFhZo4j_H6QIsA,"(44.977753, -93.2650108)",48,446405,422331.0,170327.92900000003,5.367635232775882,0.27958903388137696
39,"City of Newark, Delaware","Newark, Delaware",UCkUa0_pCSXUlTQaeXLd73eA,"(39.6837226, -75.74965720000002)",103,219589,33858.0,82586.50299999994,5.366111547503078,0.4325811735681661
40,City of Concord NH,"Concord, New Hampshire",UCDD8p5ZXUSNhW3_l8S78W5w,"(43.2081366, -71.5375718)",13,8420,43019.0,3039.0,5.362857166339627,0.27050274917351
41,"City of Brentwood, TN","Brentwood, Tennessee",UCpy4tA7ME8ra38IDTTAXHVw,"(36.0331164, -86.78277720000001)",34,10425,42667.0,4910.253,5.362366518398329,0.5899988690175382
42,City of Greeley Government,"Greeley, Colorado",UCegM3TAyGPayKBUHIeQCv6w,"(40.4261819, -104.6949673)",21,15063,105448.0,4773.269,5.3610194776390205,0.6898950633977106
43,"City of Monroe, Michigan","Monroe, Michigan",UCiO2fcMaMm-faFWMWNTcFIw,"(41.9164343, -83.3977101)",7,29640,19875.0,11519.2,5.358905740083311,0.22881691064588447
44,City of Maplewood MN,"Maplewood, Minnesota",UCFoyXqYAzbo9ieihH-08zAA,"(44.9530215, -92.9952153)",62,57801,40918.0,21462.077,5.350026193059334,0.4832318404253071
45,"Ada County, Idaho","Ada County, Idaho",UCmREyet73vxhBFCffWClEKA,"(43.478767, -116.2420304)",19,161403,456849.0,70780.494,5.342027063853683,0.3065460355024209
46,"City of Little Falls, MN","Little Falls, Minnesota",UCDJcQU_2dOXIixQEJzQ7_aQ,"(45.9805556, -94.36944439999999)",38,250732,8701.0,101210.90100000001,5.335483518310886,0.1335507789157648
47,City of Sioux City Council,"Sioux City, Iowa",UCrekGAbOEqDvdzn9w8FAcoQ,"(42.4965857, -96.40594519999999)",69,812481,82514.0,374493.26399999997,5.333825694418503,0.1296523374845838
48,North Dakota AFL-CIO,"Bismarck, North Dakota",UCNEsTdrFb3fgJBD_QzKr_ug,"(46.803712, -100.771268)",2,2672,72865.0,1096.97,5.3335369712328715,0.30692985359117314
49,Maryland Municipal League,"Annapolis, Maryland",UCgG96iwVAdX7Y-RNL2u8pow,"(38.9777014, -76.5132089)",24,8644,39321.0,3609.4159999999997,5.328543072869783,0.607208256193804
50,SCCMOTV,"St Charles County, Missouri",UClZsKsIKtPJkYwn1BtJgAFA,"(38.7338885, -90.8294002)",402,844253,,351371.1919999997,5.3275856280175695,0.42906252098077
51,City of Republic,"Republic, Missouri",UCmvA973eokxbVlHVODl-1_A,"(37.1200526, -93.4801942)",64,410465,16294.0,174710.68700000003,5.324725721246625,0.20619743731786547
52,"City of Middletown, Ohio","Middletown, Ohio",UCh-fZasNyuDxLyVxjmcaCIw,"(39.5150576, -84.39827629999999)",13,92882,,36064.068,5.324414131346251,0.0879179865786745
53,Jersey City TV,"Jersey City, New Jersey",UCdLHkxEC-vqQLcJ9URFSjxw,"(40.70164740000001, -74.0954634)",1,21922,270753.0,10655.3,5.322197828382601,
54,Sacramento County District Attorney's Office,"Sacramento, California",UCi0AEGcHEB460WW_VC1g6NA,"(38.5841801, -121.4930305)",76,34892,501901.0,13753.791000000005,5.320322367503587,0.46586985918557483
55,"City of Greenville, NC","Greenville, North Carolina",UC3Ud91UVasbpi8wPVDlcCRA,"(35.612661, -77.3663538)",375,302110,92156.0,106515.29400000004,5.31734841528392,0.4512522749014951
56,Adams County CO Government,"Brighton, Colorado",UC7KDbF1XykrYlxnfhEH5XVA,"(39.9239028, -104.8126509)",361,942859,40562.0,451725.0199999999,5.31710017789069,0.33306774255617716
57,Texas Municipal League Intergovernmental Risk Pool,"Austin, Texas",UCCk9C8LXg9ncBGrFlog24Lg,"(30.3316115, -97.6812044)",21,69203,950715.0,23876.157000000007,5.311845137612722,0.4061217574321607
58,"Dayton, Ohio - City Government","Dayton, Ohio",UC8upHquptA3gqvKO7qXZvIg,"(39.75962, -84.194052)",1080,3005549,140371.0,1130207.8659999997,5.3105340145292255,0.3183978499957779
59,City of Mesa,"Mesa, Arizona",UCxhnbjW5_gD9I4gk_5t6-Aw,"(33.4151843, -111.8314724)",190,243349,496401.0,87179.86100000002,5.3095708162145625,0.3988622864566501
60,"City of Centerville, Ohio","Centerville, Ohio",UCXLOLKzXqOtD9BSlPGrDBHQ,"(39.6283928, -84.15938179999999)",67,156724,23787.0,70802.36699999997,5.3033347627443055,0.26624079905339554
61,Kern Government Television,"Kern County, California",UCmUJZiUo7nYq2x3IOnPqd5A,"(35.4937274, -118.8596804)",185,1818059,893119.0,749814.3089999995,5.2998969023096825,0.2635546490991922
62,Vermillion City Council,"Vermillion, South Dakota",UCuzkuhioz6Qycw2w7LVP6Bg,"(42.7801475, -96.9313383)",3,22868,10772.0,9729.460000000001,5.298753476166681,0.4257650329820399
63,"City of Mt. Shasta, California","Mount Shasta, California",UC3RTHPMvubRfg1lMsXVKzNg,"(41.3098746, -122.3105666)",10,3248,3302.0,1472.228,5.289486484875275,0.605425331684417
64,Ottumwa Iowa,"Ottumwa, Iowa",UCSPVpWJuu42NT03S9XgFFAA,"(41.01602930000001, -92.40830220000001)",74,830866,24454.0,326595.8200000001,5.2877732956946115,0.17197260999266972
65,Macomb Board of Commissioners,"Mount Clemens, Michigan",UCDhWnZ6RMvQWhRHVfanLBxw,"(42.5963627, -82.8780386)",234,1814243,16312.0,695476.6970000002,5.287618495298121,0.21960079011973194
66,Sunbury Videos,"Sunbury, Pennsylvania",UCP6obhaxx_cy4JKoPwFLQ5g,"(40.8618561, -76.7779541)",45,171510,9519.0,74583.90300000002,5.285191047150751,0.372612552169836
67,Town of Whitestown,"Whitestown, Indiana",UCpbwXmmh-voRDSN3qtn5Hfw,"(39.9972626, -86.3458296)",176,645435,,287586.8849999999,5.283922443930001,0.3469409031637679
68,City of Boulder,"Boulder, Colorado",UCAHm_LCXkzWpph_NDqZ0I4Q,"(40.0149856, -105.2705456)",839,2055431,107125.0,821524.9380000022,5.283545301153173,0.30092220168523565
69,City of Broken Arrow,"Broken Arrow, Oklahoma",UCAOrvaXvUHojbjsEn72Y-Dw,"(36.060949, -95.7974526)",2,1943,108303.0,697.8199999999999,5.28351918690079,0.06517971617481019
70,Beaufort County NC Government,"Washington, North Carolina",UCucOU3BykLPoXU2KjvX3CCg,"(35.5432661, -77.0547823)",79,1026389,9571.0,398769.6810000002,5.28105137587029,0.18411311556825463
71,Marion CountyFL,"Marion County, Florida",UCmYgAek8oIGmMcZe_y0OGzw,"(29.2787765, -82.12783999999999)",164,1628845,354353.0,789775.16,5.28091906165565,0.31126807749722807
72,Connecticut Conference of Municipalities,"New Haven, Connecticut",UCjkAzQTiyYHKbBul87L2ygg,"(41.297205, -72.9127429)",44,20117,131014.0,8266.639000000001,5.2763597710446035,0.5769531110927054
73,"City of Florence, Kentucky","Florence, Kentucky",UCKAoTbCHbQPSIf80S5wYhlA,"(38.9989499, -84.62661109999999)",32,152768,32305.0,64313.92500000001,5.276107784003046,0.20022369672225782
74,City of Saratoga Springs,"Saratoga Springs, Utah",UCL97Ck7JMecdpmZLudfVhPQ,"(40.3301898, -111.9044877)",81,1072555,29608.0,438399.0760000002,5.270950442533875,0.19544626731586406
75,City of Maple Valley - Official,"Maple Valley, Washington",UCBOARNqj0-h6M0r0q8xgY-A,"(47.3911867, -122.047031)",8,4409,25758.0,1627.0059999999999,5.268092323875034,0.6061523836967928
76,"City of Parkersburg ,WV","Parkersburg, West Virginia",UCnB1o9IZ7LWLn6rcupcRlDw,"(39.2667418, -81.56151349999999)",7,1109,30096.0,503.65,5.266690312441057,0.3724650634914757
77,"City of Clovis, NM","Clovis, New Mexico",UC3jy8DqeO4AA3GiB73JSyMQ,"(34.4047987, -103.2052272)",6,8070,38962.0,3948.5089999999996,5.26399648235045,0.2841721102103898
78,Monroe North Carolina Government,"Monroe, North Carolina",UCzrGKOKR72fmCEn7D0f9mlg,"(35.0110269, -80.5447384)",14,54101,35065.0,22287.886000000002,5.262451624595405,0.343184784127343
79,CityPortStLucie,"Port St. Lucie, Florida",UClq_tphDlSHirmsyLeHJiig,"(27.2730492, -80.3582261)",2,8140,189344.0,2828.14,5.261761727169217,0.07649472321222442
80,CityofGenevaIL,"Geneva, Illinois",UCobt6LRW-pMEmfGNVuy5NxA,"(41.8875281, -88.3053525)",140,1126811,27238.0,479113.2110000003,5.261257859203514,0.23506944737270222
81,"City of Ferrysburg, MI","Ferrysburg, Michigan",UCMqr_ibvxyZlVajOzl-Tr3g,"(43.08446199999999, -86.2203313)",10,75297,2996.0,37237.549,5.259574594747179,0.11991292475739589
82,Utah County Government,"Provo, Utah",UCkRYDnXVDLGv9792bhWn9Wg,"(40.2330328, -111.6568586)",69,826058,117335.0,336325.503,5.256984626888201,0.15851795864265372
83,ErieCountyNY,"Erie County, New York",UC-bqfNQx5a6oFLVOX8kGeiw,"(42.9023958, -78.8661589)",48,54007,925528.0,20663.792999999998,5.256698515276425,0.4025833847056194
84,Bay Saint Louis City Council,"Bay St Louis, Mississippi",UCfZVth2EfSBM4lVvXg_H-kw,"(30.316913, -89.345498)",21,249595,,125022.17699999998,5.256246206643506,0.16616746215489028
85,Cass County ND,"Cass County, North Dakota",UC2YN9WLXQ0kjDXIwdcPYC9Q,"(47.071168, -97.12155790000001)",6,1462,177787.0,611.458,5.252012343441309,0.3499011651549576
86,CityofDestin,"Destin, Florida",UCn_D1Iq1xxZhrkenq1d7EYA,"(30.3935337, -86.4957833)",137,1126702,13765.0,473716.39800000016,5.251719578357565,0.27300345969374595
87,San Diego County Water Authority,"San Diego, California",UCbcVbucoGZmmZSHLKIHe8rg,"(32.8255245, -117.1312866)",129,81730,1419516.0,32278.304999999997,5.2515552259636085,0.5786692952278923
88,"City of Rosemount, MN","Rosemount, Minnesota",UCHJ2l9oFLxFeDoISijWtNMQ,"(44.7394103, -93.12577230000001)",2,8283,24344.0,4096.83,5.251036757890796,0.07007922640644142
89,"Campbell County, Wyoming (Government)","Campbell County, Wyoming",UCl2KcXV1L_HJZlcZyxhapWw,"(44.3956107, -105.4489183)",12,45758,46242.0,17303.889000000003,5.250747963322204,0.14948076432339522
90,"City of Columbia, TN","Columbia, Tennessee",UCjjZOwKcE8_lPi4KmbzoI0g,"(35.616078, -87.03504699999999)",11,7071,38266.0,2609.1390000000006,5.25010970015607,0.5793516997084217
91,Oswego County Government,"Oswego, New York",UC1ELFNINuYGu9umMYQoyKMg,"(43.4576107, -76.50614279999999)",2,8430,17465.0,8495.36,5.247917987431075,0.1543878451082909
92,Maine Bureau of Human Resources,"Augusta, Maine",UCu-W8zF89UHdxwvJbpx6esA,"(44.30731979999999, -69.7828983)",4,1110,18594.0,404.949,5.246710189513039,0.3233387903623225
93,PasadenaChannel,"Pasadena, Texas",UC514B1OlciNW3q7lZU94PiA,"(29.69137, -95.1843055)",77,57087,153520.0,25197.094999999998,5.246603827144779,0.530757980663957
94,WashCo Commissioners,"Hagerstown, Maryland",UCTH850WDpvgeJXEI6Bp-nwg,"(39.64347710000001, -77.72278229999999)",68,521067,,300447.1770000001,5.245028446085151,0.3323353941587436
95,PittCountyNC,"Pitt County, North Carolina",UCNbby4KXClggL9c-kVrpFww,"(35.5589221, -77.4242972)",284,549269,179042.0,240250.6859999999,5.24424879964033,0.3719364670889016
96,cityofokc,"Oklahoma City, Oklahoma",UCu7sVASWMRZ6V6F7EebBlbA,"(35.4675602, -97.5164276)",90,990425,643648.0,383532.701,5.2426338595562045,0.2443437723251152
97,MtPleasantMI,"Mount Pleasant, Michigan",UCbfjqB0HPkc6KHaQa4_zVgg,"(43.59780749999999, -84.7675139)",50,252403,25847.0,101950.59299999998,5.24254989108888,0.39078798289357164
98,"Marin County, California - Topic","Marin County, California",UC7bWBURktSO66zx5c2_iKww,"(38.083403, -122.7633036)",29,20882,260955.0,8883.054999999998,5.242488918920789,0.4322819556304789
99,City of Oxnard Government - Official,"Oxnard, California",UCyYBxLRP6z33lKEkyxreAUA,"(34.2000543, -119.1802258)",18,15086,210037.0,5782.567000000001,5.242302355598579,0.3468347404935331
100,City of Asheville,"Asheville, North Carolina",UC2QG4OKWo8tQ-h3fAwxr4eg,"(35.5950581, -82.5514869)",208,806049,91902.0,329673.1960000001,5.242088306225826,0.3914318968143184
101,City of Corona,"Corona, California",UC9_CEJrk_tnfVR7hyl6Kpwg,"(33.8752935, -117.5664384)",2,2006,167836.0,785.529,5.241451942644144,0.15641840802356227
102,"City of Independence, Missouri","Independence, Missouri",UC95egG4Say-HvNrlJT_yCXg,"(39.0911161, -94.41550679999999)",111,431599,117306.0,182234.764,5.238594477153721,0.3534681993914376
103,"City of Old Town, Maine","Old Town, Maine",UCnnzsRkjzkSJQjzHjys6zGw,"(44.9342349, -68.6453092)",78,453150,7497.0,189479.965,5.238176370965172,0.2530758059388822
104,"City of Shenandoah, Texas","Shenandoah, Texas",UC5-9qrdkO9wip4I0vyCXq9g,"(30.1802151, -95.45577259999999)",29,371792,2885.0,166281.245,5.238099024744805,0.14990831278768788
105,City of Newark NJ,"Newark, New Jersey",UCNiGYwneyNvfAIAcl6eOqmw,"(40.735657, -74.1723667)",79,102854,285154.0,42603.64200000001,5.237514922969292,0.3712517615024078
106,City of San Angelo,"San Angelo, Texas",UCg9JRjdLIq0ZTMHn1fioiJw,"(31.4637723, -100.4370375)",92,917203,100119.0,365098.82500000007,5.2370270712654845,0.24126951191029455
107,"Caribou, Maine","Caribou, Maine",UCunLIlhYrhdsdvfjRKYCYdQ,"(46.8639995, -67.9980365)",75,489360,7684.0,232131.29200000004,5.234480574275044,0.27870319815748745
108,Louisiana Municipal Association,"Baton Rouge, Louisiana",UCHLSr4SUANCYoYEpQatv5UA,"(30.4538341, -91.1798063)",3,1045,225374.0,654.41,5.233565883407667,0.3572685433633041
109,The City of Irving,"Irving, Texas",UCnakJoKIjNzMALPhHXxwFEA,"(32.8140177, -96.9488945)",414,738800,240373.0,307489.0409999997,5.233450726732923,0.37267183130059195
110,City of Mission Tx,"Mission, Texas",UCha07JnlG0muI97kb9u0Iig,"(26.2159066, -98.32529319999999)",85,164293,84424.0,70588.81699999997,5.232575635294676,0.4833778845425452
111,Lee County FL,"Lee County, Florida",UCSnQCEJdfUrobF9dxUltyyA,"(26.6630286, -81.9534815)",44,18800,739224.0,7340.1179999999995,5.231631719868885,0.3014988116145425
112,Dane County Board of Supervisors,"Madison, Wisconsin",UCgfH3y3SXmNkSZkjp7kCUdQ,"(43.072422, -89.382392)",2,1126,255214.0,477.719,5.2282457856504205,0.21159875900323694
113,City of San Clemente,"San Clemente, California",UCMJuEbFMmHeG8RBe-m6s7JQ,"(33.4273521, -117.6126004)",84,1033782,65267.0,436849.13,5.228096622727715,0.2513898848900058
114,City of Warrenville,"Warrenville, Illinois",UCcO8hN6YoUmWZrDFNASMzAQ,"(41.81780699999999, -88.17340209999999)",84,701719,13269.0,293548.6880000001,5.228011986911496,0.2285499554061142
115,New Jersey League of Municipalities,"Trenton, New Jersey",UCbce9oVw9LvO6vxNz_89mZw,"(40.2222399, -74.7735452)",13,11420,84964.0,5124.318,5.227592660522204,0.4040437100748858
116,City of Newberry,"Newberry, Florida",UC9MNwMuigm3PeKHacwz2xQQ,"(29.6463535, -82.6065023)",78,999022,5942.0,409979.469,5.227357713846032,0.1548194514965484
117,Kentucky League of Cities,"Lexington, Kentucky",UCr7WAKemYwT87iELNQfcybQ,"(38.045112, -84.49808999999999)",28,38552,,15539.253999999999,5.2264731972496135,0.39951448638818793
118,Council Meetings - City of Rochester Hills,"Rochester, Michigan",UCRzGsdrhFdimra0g1Gw4HqA,"(42.6833372, -83.1372157)",17,296862,13029.0,117778.609,5.226213869043862,0.0827354593663775
119,LakeCountyTV,"Round Lake Beach, Illinois",UCnKKNni9P9HgvUhNlszYu4w,"(42.3785576, -88.0857913)",13,8322,27607.0,3099.7390000000005,5.224744671994708,0.36905451271343054
120,City Channel 4 - Iowa City,"Iowa City, Iowa",UCDfQkGRr6dgTs07YZdCUH_g,"(41.6609059, -91.5315148)",684,2953891,75798.0,1168988.6150000019,5.224640653680043,0.4166779390915021
121,"Town of Chester, NY","Chester, New York",UCcfUBNLL64j3sKxfuxTtcog,"(41.3625937, -74.27126129999999)",30,251787,12187.0,118176.04599999997,5.223273329771778,0.18003063229759517
122,TownofCohasset,"Cohasset, Massachusetts",UCtPH47tVZoFwqFm8nN7JrMw,"(42.24176749999999, -70.8036544)",32,503121,8516.0,222815.85699999996,5.220615374585233,0.16654236155013494
123,austintexasgov,"Austin, Texas",UCa6J9IdgL8Lir6YIQNsbkgQ,"(30.2671108, -97.7352672)",45,32181,950715.0,13445.893000000004,5.219766983078498,0.43477604385245544
124,"City of Springdale, Arkansas","Springdale, Arkansas",UCDBXZsuggNDRY1QTEqH2MQg,"(36.18674420000001, -94.1288141)",83,786569,79599.0,318151.5570000001,5.2182832403913135,0.18469701434648664
125,"City of Anderson, Indiana","Anderson, Indiana",UCMDJQTb1x8xHky-Jxmu8PIA,"(40.1053196, -85.6802541)",149,352603,55318.0,167788.85000000018,5.216593231944929,0.4222081606072422
126,CityofPhoenixAZ,"Phoenix, Arizona",UCx7FQNzOFCbtExt_gRub9JQ,"(33.4483771, -112.0740373)",1107,3582667,1626078.0,1368650.376999999,5.216569465558917,0.4091875870009076
127,"City of Victoria, MN","Victoria, Minnesota",UCx9xeLv6v0F0bMzK1BxMEzQ,"(44.8587227, -93.6615338)",12,81355,9305.0,33308.397999999994,5.213218747450181,0.11972998412799726
128,City of Horace,"Horace, North Dakota",UCHdzO6P-1enZkMG7Z87QdGA,"(46.7588553, -96.9036971)",42,430262,2717.0,197068.47000000003,5.212945661725813,0.1587057371604531
129,City of Charlotte,"Charlotte, North Carolina",UCr8xW9jfl6OiwjQuRwX4bWQ,"(35.2270869, -80.8431267)",84,474547,859035.0,190785.88199999998,5.212739717444093,0.35238987931220095
130,Surprise TV,"Surprise, Arizona",UChvREiqh2Lc3HoTGqcPb3vg,"(33.6297375, -112.3654922)",144,240296,134085.0,95658.71200000001,5.212688232782284,0.32656408382407526
131,ConnecticutNetworkTV,"Hartford, Connecticut",UC5i71kM8tvpFKG60XyLLRMA,"(41.7584274, -72.67567740000001)",14,8030,123400.0,2860.137,5.212610877007762,0.20628056595509525
132,eGov PDX,"Portland, Oregon",UCcPIUh7CWwtBXisMPHWG65g,"(45.5122308, -122.6587185)",24,422860,647805.0,180755.08599999995,5.2071876536944925,0.1417688138369826
133,"City of Hendersonville, TN","Hendersonville, Tennessee",UCy-XOO0Miyy8QIuE4B4fRuA,"(36.3047735, -86.6199957)",79,915301,57517.0,354435.21099999995,5.2037716857813745,0.2987110622022506
134,James City County,"James City County, Virginia",UC1YcYMSX__2VbO2Mi3udVRw,"(37.3002132, -76.8028933)",159,547960,75524.0,242617.72499999992,5.203351545212588,0.3947665118268917
135,CityOfGreenBay,"Green Bay, Wisconsin",UCd0WTidHx2LPWIJY-xrH9eg,"(44.5133188, -88.0132958)",338,2453873,105116.0,974479.386,5.202789379629991,0.24062740953239303
136,City Channel Columbia MO,"Columbia, Missouri",UCMvapUGDpxyLUUWNO8fxkdA,"(38.9517053, -92.3340724)",177,193834,121717.0,76677.31,5.201884057772576,0.4311472935112475
137,Pennsylvania Youth and Government,"White Haven, Pennsylvania",UCcBuZVx4F52Dm_i2btUngFA,"(41.0268556, -75.7135563)",33,21249,,9168.61,5.20107425479171,0.44654275299197965
138,"Eagle Mountain City, Utah","Eagle Mountain, Utah",UCE6PWygb_g-qDncu6tkhU-g,"(40.31411689999999, -112.006882)",78,928360,32204.0,388922.483,5.197545638778984,0.19725325090730852
139,syracuse.com,"Syracuse, New York",UChbYn187BlBxq5LfGqZSv_A,"(43.0481221, -76.14742439999999)",107,47840,143396.0,17984.90899999999,5.1956276027690365,0.5646571228120141
140,Spring Hill,"Spring Hill, Tennessee",UCQEXn0j-fLqffqG4s6QBFfQ,"(35.751179, -86.9300023)",14,19491,39602.0,8362.868,5.1952221521849,0.5218796053409698
141,"City of Rio Rancho, NM Municipal Government","Rio Rancho, New Mexico",UCQbt-un8dQITuiIRLcbtq8Q,"(35.3109281, -106.6850204)",19,27715,96159.0,9456.484,5.194724816633055,0.4801255296007767
142,City of Fairhope,"Fairhope, Alabama",UCQsD9rKnDZ7Fik7D22bI0gw,"(30.5229719, -87.9033261)",182,1923680,20935.0,773435.7409999999,5.194191577834662,0.20388994148872447
143,City of Santa Clara,"Santa Clara, California",UCBMGaWSyRhcGxg0fSG4msDA,"(37.3541079, -121.9552356)",115,1274012,127134.0,553166.4870000002,5.1929540088223405,0.28457623536693294
144,"City of Alice, TX","Alice, Texas",UC_9x9G-IMyGx4zPHxawQr5A,"(27.7522487, -98.0697249)",84,727211,18949.0,307863.52999999997,5.192118646829519,0.25039966153483884
145,Contra Costa Television,"Martinez, California",UCD1z6XC8_fqZXP3HayI-kQA,"(37.9952189, -122.1220089)",57,402042,38373.0,147028.85,5.19205373686172,0.28749180514779993
146,"City of Bloomington, Illinois","Bloomington, Illinois",UCS8WR70NFd2XMmFYRDHEGEw,"(40.4842027, -88.99368729999999)",98,1165334,77934.0,467543.698,5.192031183943077,0.2299243404429613
147,Hillsborough County,"Hillsborough County, Florida",UC-ltrT7T2PDRdEEoU5NtOEg,"(27.9903597, -82.3017728)",70,39574,1408566.0,15741.842999999999,5.191180918679852,0.391489329277738
148,"City of Austin, Minnesota","Austin, Minnesota",UCz8RVD73YkHomdRrT_5LBwQ,"(43.6666296, -92.97463669999999)",97,81298,24933.0,32465.743000000002,5.188102238472334,0.4174806313028325
149,Maryland YMCA Youth & Government,"Gwynn Oak, Maryland",UCC0szOnY50huTkcp1kqB3Rg,"(39.326126, -76.6837006)",1,1703,,872.74,5.186985726878949,
150,Town of Orangetown,"Orangetown, New York",UCiO7szhtu7X___gRqoFkuOg,"(41.0555461, -73.94773839999999)",24,160102,,87107.65800000001,5.186793583507252,0.3945271824915042
151,City of San Antonio,"San Antonio, Texas",UCc1cljyxKwZYVnDapMi26eQ,"(29.4241219, -98.49362819999999)",184,142702,1511946.0,56224.560999999965,5.185028280639728,0.4404851450926093
152,City of Grand Marais,"Grand Marais, Minnesota",UC8OF_XBXW9WJuCZEIzxSlIQ,"(47.7504469, -90.3342727)",18,233692,1359.0,91743.285,5.184099068714564,0.14973966662654428
153,NYC Mayor's Office,"New York, New York",UClnI1zhyzv_BPb-VSHEtniw,"(40.7133871, -74.00743609999999)",852,3698787,19849399.0,1540904.2380000004,5.183501536552898,0.37575241617583993
154,SCCGov Chambers,"Santa Clara County, California",UCF4DoI6Shq5PtVGaQRrAerw,"(37.3336581, -121.8907041)",11,152126,1938153.0,73705.27900000001,5.182875223809343,0.23745163128547503
155,CityOfNormanOK,"Norman, Oklahoma",UCRUefgW2qlHl6uJwIS7KQXQ,"(35.2225668, -97.4394777)",71,311789,122843.0,125290.45899999996,5.181355862216172,0.3254843817678948
156,"Lebanon, Indiana","Lebanon, Indiana",UCr7VceVqyRwrsJEhejJinGQ,"(40.0483744, -86.4691677)",5,8738,15959.0,3277.7400000000002,5.181143638156091,0.6530097063547647
157,Texas Counties,"Austin, Texas",UCypcad6NCCz1KNAkygXmNzA,"(30.2762229, -97.74499279999999)",135,162730,950715.0,60645.64899999996,5.18024070253712,0.3821854200967414
158,Bellevue Television,"Bellevue, Washington",UCW22suSoHWumwarCbu3NkOg,"(47.60455899999999, -122.1305799)",3,2281,144444.0,885.439,5.180094345825197,0.5390458841300984
159,Sullivan County NY Government,"Monticello, New York",UC-6KnDAiuQEnDNWO13Ev1sw,"(41.6584571, -74.6917748)",26,19938,6464.0,8480.158999999998,5.1782533672922,0.4239794576045655
160,Saint Francis MN,"St Francis, Minnesota",UCC44uGV-mS_2SCvUhBy_scA,"(45.3974847, -93.38792199999999)",53,378531,,174826.08299999998,5.177671641457037,0.3352240283727687
161,warren-ma.info,"Warren, Massachusetts",UCSemWSWv9vohWfvvyHaYAlA,"(42.2125423, -72.19118499999999)",10,46576,5218.0,18593.639000000003,5.176127698796451,0.48047108049198595
162,LitchfieldTV,"Litchfield, New Hampshire",UCghq7fALfNAB53QKWlOyScw,"(42.8420373, -71.4807697)",266,2228320,8502.0,928457.5739999992,5.175724632265146,0.24787748751250246
163,Hennepin County MN,"Hennepin County, Minnesota",UCJDcgrMl0B2Og4ZdeOOrnFA,"(45.0208911, -93.5094574)",56,50713,1252024.0,19854.150999999994,5.173645067633402,0.36854377827971707
164,FaithCity MD,"Upper Marlboro, Maryland",UC3cUrijYglWHJ81RrZ_jNUw,"(38.8354067, -76.8628623)",29,303648,673.0,146716.46899999998,5.173370643231859,0.1726974625701244
165,Montana YMCA Youth and Government,"Montana, US",UCTcNqEsmDnz8dAb1DUv40eg,"(46.8796822, -110.3625658)",8,29806,,18145.466999999997,5.173255202605952,0.22163163730994553
166,LA City Emergency Management,"Los Angeles, California",UChO9l1ByinQ7u1epchCv3vg,"(34.0505911, -118.1763924)",11,5737,3999759.0,1969.3580000000002,5.170723755486542,0.49285350922818505
167,The City of Grand Rapids,"Grand Rapids, Michigan",UCBObm_Q73DcEDhgvdmoOh1w,"(42.9633599, -85.6680863)",453,1181683,198829.0,461256.7360000001,5.169733199520928,0.4590833806010085
168,"City of Post Falls, Idaho","Post Falls, Idaho",UC7PL9bReR18BlDnsmiOlraw,"(47.7179578, -116.9515856)",163,1071984,33290.0,480850.2210000001,5.1690264730537905,0.18238300071547828
169,Digital Peoria,"Peoria, Arizona",UCr2anV7zsCAo1Rvjga7nYEA,"(33.6282856, -112.2392489)",192,774164,168181.0,324534.8039999998,5.16720879950979,0.4843255186811932
170,CityofOrlando,"Orlando, Florida",UCTOsxjDi8Wow6xhEbGvVugA,"(28.5383355, -81.3792365)",444,1546645,280257.0,635890.9830000006,5.167199391367773,0.43214959669381425
171,CityOfThousandOaks,"Thousand Oaks, California",UCsSwux-Xmetz846gSsmptDw,"(34.1705609, -118.8375937)",87,163568,128995.0,66000.80500000004,5.1668638303173475,0.38732191152235235
172,GainesvilleDistrictSupervisorPWC,"Gainesville, Virginia",UCaC60DAYb0S1-YQ9LcV_0pQ,"(38.8028594, -77.6018331)",7,3587,,1500.659,5.166433594866027,0.46528943542301343
173,Augusta Georgia,"Augusta, Georgia",UCj33t_Opz-YZ7auj6-RIs_A,"(33.4734978, -82.0105148)",59,69651,,28420.362999999994,5.165789493450117,0.3874195941352238
174,"City of Arkansas City, Kansas","Arkansas City, Kansas",UCvQiHdrfXJc-sH4GxsFdx_A,"(37.06268, -97.03985)",22,121008,11866.0,59118.755,5.1653675413490285,0.2131243344062521
175,Northglenn Colorado,"Northglenn, Colorado",UCqtvPKHWSX-ukNYDjPYH6ug,"(39.8961821, -104.9811468)",111,509696,38928.0,208749.642,5.1642625195134855,0.3440949123543648
176,TOMP Council Meetings,"Mount Pleasant, South Carolina",UCNhfTlBOB2AbKtELKzY7_yQ,"(32.8323225, -79.82842579999999)",9,167287,86668.0,79724.23800000001,5.163578374928375,0.0787474491004798
177,City of Livingston CA,"Livingston, California",UCB_ZmQZIHELh-ECEPZ2VwZg,"(37.3868826, -120.7235329)",22,302150,14140.0,149780.44700000004,5.163461351296167,0.1836055733759432
178,Township Council Meetings,"Sewell, New Jersey",UCqFPQ63LV3q5cA_yjnCnsmA,"(39.7397316, -75.0685712)",39,852928,,344737.794,5.1634060207369,0.16466493476103766
179,Minnesota YMCA YIG Youth in Government,"Minneapolis, Minnesota",UCcr5YqIWxXtSQ4NbKzhQoCA,"(44.9774001, -93.2307091)",10,3709,422331.0,2035.116,5.162940244151029,0.4546064606524436
180,"City of Arlington, TX","Arlington, Texas",UCmEJ9qX33iCpEKauFojkybg,"(32.735687, -97.10806559999999)",1063,464499,396394.0,182766.15300000005,5.162564915578541,0.4223273215368896
181,City of Richfield,"Richfield, Minnesota",UCW3EbpPy_Xwb2moaUUOFhVA,"(44.8832982, -93.28300209999999)",458,1609502,36151.0,645313.1999999998,5.15974397009167,0.2774270311700581
182,Louisiana Gov,"Baton Rouge, Louisiana",UCu6XLJo8g_k5IZX6sjpV14A,"(30.4528716, -91.18897740000001)",138,399602,225374.0,170483.45,5.1592023812729035,0.26294477935936345
183,"City of Plattsburgh, New York","Plattsburgh, New York",UC7H36PiuYNJJkZpczbLvCbw,"(44.6994873, -73.4529124)",1,9445,19696.0,3979.88,5.15836775985624,
184,AroundTulareCounty,"Tulare County, California",UCI-iY8dkFYiDdTAHhtFglRg,"(36.1341739, -118.8596804)",7,3397,464493.0,1523.397,5.154888296189976,0.32458401556065947
185,"City of Cocoa, Florida","Cocoa, Florida",UCbWJK7XQyPVBmp15Fwoa4jA,"(28.3861159, -80.7419984)",35,196867,18532.0,90182.40200000002,5.1541985304727005,0.2506451326246906
186,eXplore Xenia,"Xenia, Ohio",UCUFFzFWxDl_DMOe9J7QzmgA,"(39.686438, -83.929177)",36,197508,26562.0,78573.03499999997,5.153526668980254,0.39394795830766755
187,Germantown Municipal Television,"Germantown, Tennessee",UC4td-0odYtwzyFJSF6jN34w,"(35.0971915, -89.8414354)",188,888272,,329910.40499999997,5.150891240469019,0.2737503788638336
188,cityofhayward,"Hayward, California",UC-t5eCY7p3nbBalxbMP9vFQ,"(37.6708446, -122.0857338)",78,392456,160500.0,161954.806,5.150269199682492,0.3640497114247669
189,"City of Rochester, NY .Mayor's Office","Rochester, New York",UC6E4c_jmhJPH7kR_GKnbpug,"(43.1569913, -77.6148934)",311,437303,208046.0,208279.84199999998,5.150167137237565,0.47952563735843406
190,Suffolk County Government,"Yaphank, New York",UCBY8LgV6_y7QUn0c4lgxurw,"(40.8298283, -72.9187438)",42,118481,,45056.26500000001,5.14985830905636,0.3131755599081235
191,CityofVacaville,"Vacaville, California",UCLC4Gd7Z4rwlWOciZVhlJJw,"(38.3565773, -121.9877444)",22,48678,100032.0,16750.559999999998,5.148905478497142,0.3983214713396252
192,City of Willmar,"Willmar, Minnesota",UCtCdc2xGb0Hvrk6dd5OpmoA,"(45.1223711, -95.048659)",196,1137186,19628.0,495956.53900000046,5.148866182313023,0.28507032370967417
193,FrederickCountyMD,"Frederick County, Maryland",UCxww6nBEuO-ZiYZRN65rsBw,"(39.3844507, -77.4701972)",32,95791,252022.0,45821.808,5.148299864516172,0.3241959980639981
194,"City of Fremont, CA","Fremont, California",UCLm12bAo9z_1ob9UG69ZGKQ,"(37.5482697, -121.9885719)",46,60882,234962.0,25573.661000000004,5.14829435625673,0.48565760824041093
195,"Daniel, Utah Town Meetings","Daniel, Utah",UCNl9vzo3Afm_qhRoXdDrqPg,"(40.4720026, -111.4314629)",34,180259,1071.0,89933.481,5.147975277746626,0.1886002449209075
196,City of Elk River,"Elk River, Minnesota",UCdrWdP44oLkWv-hc0SIWF6g,"(45.33772829999999, -93.56911219999999)",145,81092,24506.0,31325.733000000004,5.147892817130259,0.4498203576439966
197,"City of Ellsworth, Maine","Ellsworth, Maine",UCAoSufogSQbl5N5AtUIid4Q,"(44.5434095, -68.4194641)",93,736465,7973.0,332351.57100000005,5.146169463760468,0.28805272489568723
198,City of Aztec,"Aztec, New Mexico",UCfNiVUYD4XKKwxOhtNvCauA,"(36.8222261, -107.9928455)",65,478860,6566.0,207635.543,5.1456178388942195,0.22356115194838205
199,Philadelphia City Council,"Philadelphia, Pennsylvania",UC9bXJCRFPLxMhT22nZ7t8XA,"(39.9523789, -75.1635996)",831,4674063,1580863.0,1902535.4230000027,5.143712055163827,0.36062419060281525
200,"City of Brooklyn, Ohio","Brooklyn, Ohio",UCRRKkTWR8peOgYgo4JvhxWA,"(41.4301349, -81.7512107)",56,399046,10792.0,159488.38500000007,5.143455175585115,0.17188937402500845
201,"City of Crescent City, California","Crescent City, California",UCc8LIkDxscuciAFNB9yEEMA,"(41.7557501, -124.2025913)",25,195993,6399.0,80524.38699999999,5.142854978436118,0.17337078420870064
202,Kentucky Department for Local Government - DLG,"Frankfort, Kentucky",UC4CErK3o_ZmjaQNdxYDUqtg,"(38.1839425, -84.8144551)",13,3311,27621.0,1407.4679999999998,5.142414666817995,0.4756727492283121
203,City of Meridian,"Meridian, Idaho",UCcQl8wZRqYIfxccWrUJBewg,"(43.6121087, -116.3915131)",463,2034393,99926.0,853428.4820000008,5.141858842464856,0.4051845070997807
204,VT Environmental Assistance Office,"Montpelier, Vermont",UCS2vjqFSHAqKkHvRSk0Fy1w,"(44.2560755, -72.5845027)",7,23214,7484.0,9590.92,5.140793892385574,0.1472714687205838
205,BeatriceNE,"Beatrice, Nebraska",UCU5o7cx5DzXuWYZhcetoZAg,"(40.1989041, -96.663812)",5,22351,12295.0,8388.719000000001,5.13929631414979,0.2985531452254557
206,Westville Indiana,"Westville, Indiana",UCLcCLBCsqiXSuVu_jJfGKaw,"(41.54142969999999, -86.9005825)",21,130629,5678.0,63188.048,5.139101916814535,0.12998727561829435
207,"City of Laconia, NH","Laconia, New Hampshire",UCDfxg8m4IMiGZikLF5pbE_g,"(43.5278546, -71.4703509)",125,1506776,16464.0,647959.5019999999,5.1388919093280645,0.21463879596874963
208,North Augusta SC 20/20 City Council Meetings Etc.,"North Augusta, South Carolina",UCkwe765ru7YpKlWoeCj0DxA,"(33.5018026, -81.9651152)",1,6523,22930.0,3521.23,5.138542052921363,
209,City of West Melbourne,"West Melbourne, Florida",UC0rw9-ZqduSTcs6uBNU7_ag,"(28.0716832, -80.65338779999999)",17,242240,22089.0,93821.75499999999,5.138447521496912,0.15820115548074262
210,City Of Fort Morgan,"Fort Morgan, Colorado",UCo7J2v3KqEOx45rG-GxlJOg,"(40.2502582, -103.7999509)",49,567941,11281.0,240168.53200000004,5.137905644738488,0.1631068864008828
211,Putnam County TN Government,"Cookeville, Tennessee",UC2D4OD-kL2jUOtpY0KHktFA,"(36.1494165, -85.5229902)",56,258272,33452.0,128090.53,5.137710613956641,0.1993836548479337
212,County Of Del Norte,"Del Norte County, California",UC7jaWC4x7QAq1bgC2L-aYvw,"(41.7076287, -123.9659708)",75,808018,27470.0,336648.20700000005,5.1359771067389,0.14153442217734546
213,City Of Durant Council Chambers,"Durant, Oklahoma",UCQO-_Crp48w7jN-mZ0oGGVQ,"(33.992975, -96.378669)",20,240612,17764.0,124458.33899999998,5.135902650958597,0.24752438775325397
214,Municipal Meeting,"Lower Providence Township, Pennsylvania",UCYkaKwd_1OokRKlvteABFZQ,"(40.1433257, -75.42281899999999)",123,1375575,,614271.146,5.135101905713381,0.21649597999637066
215,City of Lakewood,"Lakewood, Washington",UC6kjNiFzrc9PwiTF_zTTaRQ,"(47.1717649, -122.518458)",13,240917,60296.0,117140.71899999998,5.134390671676484,0.11564705776900727
216,The City of Frederick,"Frederick, Maryland",UCTig2g9-KiZFgNg8kYxeKXA,"(39.41426879999999, -77.4105409)",147,263820,71408.0,114867.03399999994,5.1332612332543555,0.3902547551559447
217,"City of Santa Maria, California","Santa Maria, California",UCAmcDZPVzV6jUnVIof3F7dw,"(34.9530337, -120.4357191)",152,1163548,107014.0,485630.7929999998,5.133063980523073,0.33901533551956814
218,WestminsterCO,"Westminster, Colorado",UCJeyak1VUsnc1rPehZPNswg,"(39.8366528, -105.0372046)",84,61894,112812.0,27452.580999999987,5.1329877986175765,0.40274956970268944
219,"City of Galesburg, IL","Galesburg, Illinois",UCaRXtxhs0iGsSDksooZwC7g,"(40.94781580000001, -90.3712395)",2,2880,30769.0,1446.49,5.13292259556105,0.36763021490663456
220,City of Haysville Kansas,"Haysville, Kansas",UC3XUt81Il2JWijJiV6yqnNw,"(37.5644615, -97.3522675)",58,213598,11278.0,103954.322,5.130449378254995,0.28437724168179734
221,"City of Auburn, Maine","Auburn, Maine",UCn4hg3vz0ftbcLee4mz-1Dw,"(44.0978509, -70.2311655)",9,71279,23033.0,28687.439,5.1302883862858915,0.25468800325740454
222,Town of Lebanon,"Lebanon, Maine",UCZV2ij7vU73Dh8C1JAI3QWQ,"(43.40066969999999, -70.91937899999999)",11,90835,6280.0,56146.558999999994,5.129989738952099,0.26179095035009226
223,SHTV1,"Sterling Heights, Michigan",UC0n_eLFiW2cCJ_24TSn9DjA,"(42.5803122, -83.0302033)",12,10455,132631.0,4350.228999999999,5.129954091436704,0.47336895530865464
224,City of Belleville Council Meetings & Misc. videos,"Belleville, Illinois",UCgQcRTdHErSn7yG1AP742Vg,"(38.5122211, -89.9843597)",99,701958,41649.0,301399.57000000007,5.129563358080198,0.16428836527729582
225,The Municipal Art Society of New York,"New York, New York",UC85K3UNE3_ZnDaDJUOWwedw,"(40.7589167, -73.9752018)",135,383234,19849399.0,148344.14199999996,5.128827470858247,0.33532410654805156
226,Port Orange Government Television,"Port Orange, Florida",UCTYNmc7tZVRrB2NH5-Oj7hg,"(29.1265036, -81.0207434)",34,258420,63203.0,112268.704,5.128341996761434,0.31729993545824825
227,"Johnson County, KS Government","Olathe, Kansas",UCUMpFQU8E0ifkWVrRz46tyQ,"(38.881448, -94.82008990000001)",238,965671,137472.0,419372.7999999997,5.127977911496445,0.3960142502189341
228,"Decatur, Indiana","Decatur, Indiana",UCYCQSTh8vJ2DEH8IrkbkD3g,"(40.830603, -84.9291329)",5,3797,34297.0,1400.72,5.127860241097285,0.411969418377295
229,City of Bellevue Nebraska,"Bellevue, Nebraska",UCZc74_1IgTNR4-YuLknTAJw,"(41.1543623, -95.9145568)",138,815686,53424.0,348536.076,5.127376570938892,0.3520971892565038
230,FridleyMunicipalTV,"Fridley, Minnesota",UCgguNa9ShDCIeSXqFZbzphg,"(45.084944, -93.26286089999999)",82,278780,27853.0,109158.18999999999,5.126445728273398,0.315827679455026
231,City of Nowthen MN,"Nowthen, Minnesota",UCydgQQVA1NUIh3PUbWeZ04w,"(45.3324984, -93.44670149999999)",119,1311262,4699.0,667359.8870000001,5.12605406338522,0.17108319806019695
232,City of Longmont Colorado,"Longmont, Colorado",UCH5_wkpLrKYb1JuUk6-UdNg,"(40.1672068, -105.1019275)",224,1847557,94341.0,859712.9340000008,5.123600034156711,0.3419084586248252
233,County of San Mateo,"San Mateo County, California",UC2bWDXcW6FfdxVyR-V34oag,"(37.4337342, -122.4014193)",15,26956,771410.0,10980.278,5.122847630880412,0.31097552229112957
234,"City of Casper, Wyoming","Casper, Wyoming",UCK-zvDPcmvu0mPRD2LPc6ng,"(42.8500769, -106.3251749)",106,1477011,57814.0,668531.2949999998,5.122067443922986,0.2036621329146508
235,City of Springfield MA,"Springfield, Massachusetts",UCKWQmyAdZvtvGGN6rAFNJcA,"(42.1014831, -72.589811)",10,7985,154758.0,3917.9389999999994,5.121467066512263,0.2888994831093167
236,City of Sherwood,"Sherwood, Oregon",UC4hM1ujLIVpZAqSr0vM0Z7g,"(45.3562638, -122.8402122)",142,1392696,19467.0,599477.7609999998,5.121313358055586,0.21570126962267738
237,City of Idaho Falls,"Idaho Falls, Idaho",UCE2S6lYv_OBcXSLi1drW8Ng,"(43.49266069999999, -112.0407584)",19,11786,61076.0,4730.137,5.11889522222354,0.4064809987443539
238,Rutherford County Government,"Murfreesboro, Tennessee",UCGdwu25OPaVj086VWWKtf1A,"(35.822984, -86.3966562)",1153,8516795,136372.0,3615427.2419999996,5.1185155656630315,0.24470390603732764
239,City of River Falls,"River Falls, Wisconsin",UCoLgQPc-xuxbXrce-2ume-w,"(44.8613563, -92.6238082)",14,39228,15510.0,14741.066,5.1177540479460175,0.38863925564060886
240,"City of Evanston, IL","Evanston, Illinois",UChIEhm-DpDtCj0aEKKe_O9A,"(42.0450722, -87.68769689999999)",201,540070,74756.0,231560.62799999994,5.114806559143664,0.38834574202734246
241,"City Of Mayer, MN","Mayer, Minnesota",UC76IJmnDuxPuOAjO_qTvuOQ,"(44.8849625, -93.88774529999999)",55,507894,2089.0,257174.8340000001,5.113516581173835,0.18316090148366712
242,Marshall County Iowa,"Marshall County, Iowa",UC2SRE_isBm8PyHrZNXf3nsA,"(42.0407088, -92.9375739)",80,474455,40288.0,205793.44400000002,5.113506394487767,0.15538136274898182
243,FultonCountyGovernment,"Atlanta, Georgia",UCBdfjTes0C4KkKzXyKiK9zw,"(33.751422, -84.39144329999999)",140,34646,486290.0,14257.158999999996,5.113427804631488,0.5076608862699883
244,WoodburyCountyIowa,"Woodbury County, Iowa",UC7eJFP8TlXCX8V3sDDaePBA,"(42.3166158, -95.9832577)",144,935777,102429.0,432869.291,5.113408849909209,0.216038316202661
245,"Kansas City, Mo. City Communications","Kansas City, Missouri",UCYYgwhGr1HSqRi_h5uPF2Kg,"(39.0083059, -94.4579961)",720,1406750,488943.0,570576.301,5.11275591602894,0.30619548799502994
246,City of Enterprise,"Enterprise, Alabama",UCcNWtA7WWkhBthBak26TXnQ,"(31.3151708, -85.85521609999999)",15,10830,28247.0,5658.687,5.1126210767530775,0.3041288320811646
247,"City of Bristol, VA","Bristol, Virginia",UCsXxrQvvnpoAC60lEn67FhQ,"(36.595141, -82.1888089)",48,678150,16790.0,269492.725,5.112385824491825,0.20139969282293183
248,VirginiaBeachTV,"Virginia Beach, Virginia",UCe1QmZhxHuuZuUdQ9FtzTcA,"(36.824443, -76.054352)",420,771592,450435.0,315739.66199999984,5.11219438243859,0.37358393425353137
249,City of El Monte CA Government,"El Monte, California",UCTnXHhiP0BUIOeo3mGSZ4rg,"(34.0682658, -118.0616936)",2,5735,116109.0,3005.9,5.112060820539759,0.6748851432320193
250,"Warren County, Virginia","Warren County, Virginia",UC4VkJGpBCNGqrwOEuxZSQoQ,"(38.9331749, -78.24761459999999)",62,734941,39563.0,301976.77200000006,5.111046369157807,0.1269729262034359
251,ILSpringfield,"Springfield, Illinois",UCA6i8iv1zPHXx-sfI6DYF1w,"(39.78172130000001, -89.6501481)",351,1744317,114868.0,704485.3329999999,5.110554681334275,0.3851468156896107
252,DurhamSWCD,"Durham, North Carolina",UCMltA0_udTzJ1BXvhKR4WJw,"(36.0045172, -78.90172609999999)",3,2552,267743.0,1090.469,5.109498088695594,0.30832680419055014
253,The Town of Lexington,"Lexington, South Carolina",UCsor0AoZVy2UvAW52JOlbxA,"(33.9815369, -81.2362107)",52,234044,21265.0,102222.26999999999,5.108656834897175,0.2576948095854531
254,BEDFORD TOWNSHIP GOVERNMENT CENTER,"Temperance, Michigan",UCb8mpGZJzyC5LmYOC2VKSvQ,"(41.7630647, -83.5852664)",55,578236,,241240.43100000004,5.108026211623559,0.23265839314028788
255,Indiana Counties,"Indianapolis, Indiana",UChhq084D5FyZpN1i2MRccDA,"(39.7697008, -86.1602262)",22,53365,872680.0,21071.99,5.107757547290306,0.3002386572347061
256,"Mitchell, SD","Mitchell, South Dakota",UCOdLoS0nXWs5c1ejBbdrZNQ,"(43.7094283, -98.0297992)",89,856575,15603.0,369421.6,5.1061231913951755,0.24811885845621698
257,CityofChulaVista,"Chula Vista, California",UCGCeNmeSButuOp4yFCIh9Iw,"(32.6400541, -117.0841955)",9,2129,270471.0,824.3349999999999,5.104476151075037,0.42923695897808395
258,"City of Liberty Lake, WA","Liberty Lake, Washington",UCP0FovX6g8NG4J5wKDLt62A,"(47.6743428, -117.1124241)",21,274431,9893.0,154716.78999999998,5.104275512623632,0.07967608529762057
259,Akron City Council,"Akron, Ohio",UCTRzlObsoxdg6IFgWSFCOgA,"(41.0806037, -81.518214)",57,423013,197846.0,201543.88,5.103847271007586,0.15080430664649294
260,City of New Carlisle,"New Carlisle, Ohio",UChfm1EBjjw6A2GbexgDZ_ag,"(39.9361699, -84.0254913)",78,508420,5586.0,256211.26199999996,5.101265764234633,0.2009834630541605
261,Cityof Wayne,"Wayne, Michigan",UCwr-VD-I64VKtBOqg6jNXxQ,"(42.2814269, -83.3863214)",40,582551,16947.0,252493.76699999996,5.100560232302544,0.0910402843978317
262,KaysvilleCity,"Kaysville, Utah",UCtH-iKmjfeXat6K2wOetoZQ,"(41.0352216, -111.9385521)",14,15378,31776.0,7516.483,5.100201456968213,0.6714582979005582
263,LWVSJC,"Sacramento, California",UC0xqyjb977v3IXocgTSD2_g,"(38.58017359999999, -121.4918435)",5,28218,501901.0,10143.22,5.099724757658479,0.29944364067690665
264,Salt Lake City Television,"Salt Lake City, Utah",UCUzanlS6hJadbrMqnO_iofQ,"(40.7324576, -111.9513477)",18,21195,200544.0,8187.606000000001,5.099275739047811,0.47267861848225934
265,"City of Brandon, SD","Brandon, South Dakota",UCkupAgckAKVqifovUqXw_TQ,"(43.5946963, -96.5719896)",67,747120,9957.0,326600.2859999999,5.098660982163549,0.2191069128223997
266,City of Kerrville - Government,"Kerrville, Texas",UCRt2JqXbobR1471dyOn5MJA,"(30.0469117, -99.1409022)",198,1337653,23386.0,559963.2300000002,5.094431436940389,0.2570712802202476
267,cityofsantafe,"Santa Fe, New Mexico",UCTgU_rclEQSW7XN-sgaCUBA,"(35.6869752, -105.937799)",266,485457,83776.0,242288.51599999992,5.094359651950379,0.4280230929373795
268,"City of Ashland, KY","Ashland, Kentucky",UCyq2LQ4SfzpLNVVsiOXG35w,"(38.4784144, -82.63793869999999)",1,9351,20669.0,4319.01,5.093341744597857,
269,City of Waverly,"Waverly, Iowa",UCmAJkXjXePDZKkxPOPpeJpQ,"(42.7272032, -92.4668511)",124,1331485,10126.0,562038.607,5.092925709112511,0.19595249825035868
270,"Laramie, Wyoming - City Government","Laramie, Wyoming",UCtoowHqhTpkeVR14Rey_VGQ,"(41.3116389, -105.5918231)",44,598837,32306.0,249882.10700000005,5.092558181245602,0.23109497415671637
271,City of Portage,"Portage, Indiana",UCF2Ug3N2isAYPqthE20LMTQ,"(41.5758707, -87.1761455)",2,11355,93348.0,8571.169,5.090703473467096,0.23797888430809347
272,Washington State Auditorâ€™s Office,"Olympia, Washington",UCoqV43R7JgM1q7WWi26Sorw,"(47.0358904, -122.9033286)",40,26526,51609.0,11563.455,5.090120961096865,0.41638768607153115
273,City of Sunnyside Washington,"Sunnyside, Washington",UC7fq6y2MjcYTA-GBSTnXiuA,"(46.3237423, -120.0086538)",16,60323,16407.0,98081.82899999998,5.089731986098476,0.18890766185597518
274,City of Reno,"Reno, Nevada",UClQT7q90igEYqA17nm-WwhQ,"(39.5296329, -119.8138027)",797,1300210,248853.0,515726.7730000003,5.0891343225146315,0.42301426277776777
275,"LBTV Long Beach, CA","Long Beach, California",UC9tkCWoykFdl-Z-JHSA3ATw,"(33.7700504, -118.1937395)",27,22250,469450.0,8456.414999999999,5.088916286680039,0.2893818861050986
276,City of Moundridge,"Moundridge, Kansas",UCSnGSURxMyO02DQK17O7xJg,"(38.203065, -97.5192065)",16,3243,1874.0,1351.686,5.087698076052764,0.5686786338280345
277,"Hoover, Alabama","Hoover, Alabama",UCEtvZ4p5toQc9p3XH2OTm9g,"(33.4053867, -86.8113781)",58,26951,84920.0,10753.254999999996,5.087533097443091,0.5626445190919177
278,City of Little Rock,"Little Rock, Arkansas",UCoRn4kpi78zlnEN6deMwlQw,"(34.7464809, -92.28959479999999)",291,1825110,198606.0,779259.8290000006,5.0868855677822955,0.29894693809697925
279,CSBTV20,"California, US",UC0MKBRS7teISJ5iGufoc_Iw,"(36.778261, -119.4179324)",7,154034,,64738.757,5.086143867412303,0.10351341090989692
280,City of La Quinta,"La Quinta, California",UCG54GVUvLwUvZPCx596LbkQ,"(33.6633573, -116.3100095)",6,1916,41304.0,951.669,5.085705912876514,0.3469278443045446
281,LNKTV City,"Lincoln, Nebraska",UCeRPazmGKkWc28SK3si9xWA,"(40.813616, -96.7025955)",746,4367613,284736.0,1800305.0789999985,5.085701633148525,0.2701213534831922
282,Troy Michigan,"Troy, Michigan",UCm0tMiLQNPvL4Sz0CTjVYFg,"(42.6064095, -83.1497751)",166,1791602,83813.0,771435.8349999996,5.084392093731479,0.20252375768358682
283,City of Freeport ILL,"Freeport, Illinois",UCPtSul497oxrsjhrn_qhiMw,"(42.2966861, -89.6212271)",26,214312,24091.0,95258.35700000005,5.082058072576266,0.24248938678799034
284,Clean Water Initiative,"Vermont, US",UCcE3IVErioHtVMqAeBLVDZQ,"(44.5588028, -72.57784149999999)",32,199412,,80840.22500000002,5.081612467121746,0.29457392048445236
285,Watch Berkeley Gov,"Berkeley, California",UCHiRuLn-_8Fk1XMK8W7oP3w,"(37.8715926, -122.272747)",159,1377035,122324.0,552231.0410000002,5.081456418038084,0.17547656723037916
286,City of Oroville,"Oroville, California",UCAoRW34swYl85UBfYqT7IbQ,"(39.5137752, -121.556359)",37,343660,19121.0,187114.02399999995,5.080783444111806,0.251448377553547
287,Prevention Institute,"Oakland, California",UCVpEtO68Hz0k2vuHWQMJFQQ,"(37.7933258, -122.2678571)",45,44621,425195.0,18745.594999999998,5.078994867222571,0.4574530226013791
288,Washington State Government,"Olympia, Washington",UCsuYgYm8vWyUNUfI3CMzuSQ,"(47.037292, -122.897613)",208,881710,51609.0,337059.03500000015,5.077968054179222,0.32896392325330814
289,City of Rochester Building Safety,"Rochester, Minnesota",UCecGEc0sA9c2rr36BETWxiQ,"(44.0242437, -92.43130289999999)",7,65058,115733.0,25225.238000000005,5.076984589463907,0.34397952919572694
290,"City of Iola, Kansas","Iola, Kansas",UCv4LYM8hh3qeJL32-kR2moA,"(37.9244799, -95.3999814)",79,648781,5354.0,278010.09799999994,5.074474002675808,0.15566710944623377
291,"Winnebago County, Iowa","Winnebago County, Iowa",UCRYede2wUgnmNZpYlSRCDDg,"(43.3481922, -93.66232389999999)",43,340056,10587.0,220607.20700000002,5.073657847726238,0.19052241648804966
292,Municipal Employees' Retirement System of Michigan,"Lansing, Michigan",UCnyUp57EJdcQNfbrD9lm77w,"(42.721095, -84.648632)",26,107967,116986.0,43494.49799999999,5.072769943978504,0.31809539738546516
293,Morris Minnesota City Government,"Morris, Minnesota",UCBEIGAZ0NE9wZwzveonGqgA,"(45.5879479, -95.91012409999999)",3,18831,5297.0,9707.79,5.071497564018611,0.10142500626227276
294,Town of Rome Wisconsin,"Nekoosa, Wisconsin",UC4c0rhMyFqU3QhLrIvqmyBA,"(44.2218879, -89.8092904)",17,192489,2429.0,78103.00800000002,5.070782720576405,0.13864544374440796
295,Groton Municipal Television,"Groton, Connecticut",UCBk-9Ahudi4nbh26x3jZxlA,"(41.3497456, -72.0790717)",116,560488,39075.0,225712.18299999996,5.070278472003092,0.3434050457979392
296,"City of Midland, Michigan","Midland, Michigan",UCjShycow9Ksl3jU9N8lVfPQ,"(43.6155825, -84.2472116)",323,188494,41950.0,82104.79499999991,5.0699008401883345,0.42934103228128917
297,City of Columbus,"Columbus, Ohio",UCfttJJ9T5_1W1JewiTJqzqA,"(39.9611755, -82.99879419999999)",298,1382539,879170.0,588417.6529999995,5.067516915606998,0.35984114228130387
298,Montgomery County TN Government,"Clarksville, Tennessee",UColCy-INQM4uZSqrJCeHTGg,"(36.5268057, -87.3579623)",65,446826,153205.0,210157.20599999998,5.066534857381829,0.3894703443726099
299,"City of Cloverdale, Cloverdale, CA","Cloverdale, California",UCDSDDT0okjoOrRhJaetPRbQ,"(38.8054624, -123.0172227)",27,384146,8803.0,155693.24699999997,5.066137557596296,0.16612526044222709
300,"City of Bakersfield, CA.","Bakersfield, California",UCk3BaR0DdO7j_bZSKnIEK4w,"(35.3732921, -119.0187125)",106,779529,380874.0,338529.4400000001,5.065699113259333,0.3179856076124037
301,"Haltom City, Texas","Haltom City, Texas",UCTQ7EcoJXKB8n0Bv6tItjXQ,"(32.7995738, -97.26918169999999)",2,40407,44417.0,17984.389,5.062297569999782,0.05922468431508045
302,Warren County Board of Supervisors,"Vicksburg, Mississippi",UCPx4uFe9iTsgC7dZrpKfw1A,"(32.353067, -90.87843620000001)",1,1119,22489.0,407.02,5.06176055364212,
303,Mississippi Department of Transportation,"Jackson, Mississippi",UCAZJpbHAIyVea2lY2sJBvZQ,"(32.3275393, -90.181474)",111,31842,166965.0,13630.978999999998,5.0615605317728924,0.4977374083287082
304,City of Park City,"Park City, Kansas",UCKWmOfUwmKPzAyvzvEvhs5A,"(37.8000123, -97.31837619999999)",45,416422,7729.0,172639.502,5.060381347787723,0.19764714057414945
305,showmecity,"Missouri City, Texas",UCpaZmht_7_Zvunux1zkDt0w,"(29.6185669, -95.5377215)",238,444878,74497.0,191366.30799999984,5.0596980471308655,0.4269119906394647
306,City of Aberdeen,"Aberdeen, South Dakota",UC2WDoaiGN9nFc1Zb4pyfpyw,"(45.4646985, -98.4864829)",70,348968,28388.0,145541.59499999997,5.058127460784722,0.1525329918213029
307,"City of Santa Rosa, California","Santa Rosa, California",UChF7Zl4VNfZFm-IUdtX6B_A,"(38.440429, -122.7140548)",108,1403611,175269.0,650439.4599999998,5.057766841090904,0.21429716007843577
308,TarrantCountyTX,"Tarrant County, Texas",UCreZ2-bXXetuRiKZAtXcNNA,"(32.7732044, -97.35165579999999)",38,253794,2054475.0,107227.76699999999,5.057537757752339,0.4130847460579768
309,"City of Moore, Oklahoma","Moore, Oklahoma",UCak9ErtW71dyEoj7TmLlqHw,"(35.3395079, -97.48670279999999)",330,848739,61523.0,418029.2879999997,5.056952009476939,0.2564220013685585
310,"City of Murfreesboro, TN - Government","Murfreesboro, Tennessee",UCbOkz_e8N4rIFiZkmWTkf8g,"(35.844432, -86.393051)",1124,1955393,136372.0,800306.2580000006,5.056725545745827,0.4020999582616103
311,Falmouth Maine,"Falmouth, Maine",UCHeGX1GVbkUOB-KSASNDvQw,"(43.7435343, -70.2601759)",25,29363,12162.0,12043.153999999997,5.055299802823455,0.28609762713493414
312,IndianaGovernment,"Indianapolis, Indiana",UCozYWNqZFDoraG0emqv5pxg,"(39.76906899999999, -86.164862)",8,23512,872680.0,10471.65,5.054497819974534,0.18385494415003695
313,RevereTV,"Revere, Massachusetts",UCGl4hREwgcCQxKA52C7Y_Bg,"(42.410139, -71.01202540000001)",622,1676186,53993.0,682105.8140000005,5.053785532118982,0.3691797956855757
314,Default Name,"New Hampshire, US",UCkEAENbr83XdYgNYXG1ZJMw,"(43.1938516, -71.5723953)",1,5844,,2128.51,5.053311109347299,
315,KingCountyTV,"Seattle, Washington",UCmsDL2CRIMtE1I6-eZqEx4g,"(47.590017, -122.3344614)",66,234748,724745.0,95129.34400000001,5.052961331383945,0.310937437693142
316,"City of Jacksonville, Alabama","Jacksonville, Alabama",UCvjFmKc5lozHgaRQ6wB8D_Q,"(33.8137125, -85.76135359999999)",83,430505,12612.0,234425.72900000008,5.052922925806861,0.23173249035954166
317,City of Georgetown,"Georgetown, Kentucky",UCZeRkYcroXWINV1rkHVlhzw,"(38.2097967, -84.55883109999999)",66,684430,,334728.44999999984,5.052124591104893,0.15746291548588162
318,City of Irondale Alabama Media Channel,"Irondale, Alabama",UCGKMIsxUusCwlTEQpaKBs1Q,"(33.5381601, -86.70721019999999)",23,88300,12468.0,56138.825999999994,5.0514738503918934,0.2580625959227501
319,mohavecountyus,"Mohave County, Arizona",UCxpmqlXxz7UYF9ol80H7dEQ,"(35.2143346, -113.7632828)",17,167932,207200.0,75498.58500000002,5.05127479464024,0.2590823349215925
320,pcctv1,"Clearwater, Florida",UCXRyq4zJBFhs8zpTiIGQL5Q,"(27.9616958, -82.8013817)",4,1866,115513.0,703.039,5.049595710143193,0.502143622785086
321,West Virginia Judiciary,"Charleston, West Virginia",UC_zHDYG-Whdzh7nQPyfsItg,"(38.3368502, -81.6111525)",76,577115,47929.0,231824.39199999993,5.048346202307581,0.3951390972943134
322,CCG TV,"Columbus, Georgia",UC3gct-vKDbdIuF1ZTAvtOhA,"(32.4609764, -84.9877094)",247,1977389,194058.0,809420.0920000005,5.048181319687244,0.3426264227883757
323,Town of Apple Valley Utah,"Apple Valley, Utah",UCxfcnSqTRCiZPLqABwMXslQ,"(37.10441550000001, -113.1251775)",3,32368,773.0,16198.387999999999,5.047142890499834,0.14188506907985968
324,"DuPage County, Illinois","Dupage County, Illinois",UC45ol-gzYfebGvZ3OLhzClA,"(41.8243831, -88.0900762)",30,41618,,17706.733,5.047133854107289,0.42284041104183134
325,City of Punta Gorda,"Punta Gorda, Florida",UC-Qo-k4PpXWo4IJQah6_Kqw,"(26.9297836, -82.0453664)",236,1517278,19761.0,615827.7820000002,5.046859440187271,0.20237724969502635
326,"City of Beaumont, Ca","Beaumont, California",UCvvsX3mVAdUeT7KLJnFgHYA,"(33.9294606, -116.977248)",104,1061676,46967.0,459167.52600000007,5.044755560259865,0.28726488916763937
327,Amherst Council Clerk,"Amherst, Ohio",UCVbdl2V5DTld5jQ-TSnz5cw,"(41.39825099999999, -82.227454)",87,351302,12088.0,167319.58099999995,5.04390814712065,0.26711260701377176
328,"City of Colonial Heights, Virginia","Colonial Heights, Virginia",UC1tsRrPU64271-CaggUfUmA,"(37.244039, -77.4102607)",9,18984,17830.0,8204.409,5.0424859733993275,0.37501828178287727
329,West Jordan,"West Jordan, Utah",UC7Up4AfoWj0KebppgTvnLSg,"(40.6096698, -111.9391031)",145,1695026,113905.0,746493.8969999996,5.041685419170382,0.23523754891009407
330,"City of Hot Springs, Arkansas Government","Hot Springs, Arkansas",UCvSlS0dSXw_50XhzT9E_kMA,"(34.5037004, -93.0551795)",172,706134,36915.0,315528.7879999998,5.041454237454815,0.33140584495557435
331,City of Texas City,"Texas City, Texas",UCdQS7VQBfII7oORQr99sh9g,"(29.383845, -94.9027002)",25,20417,48558.0,8457.342999999999,5.041314392572427,0.3135661615040909
332,cityofmesquitetexas,"Mesquite, Texas",UCISuuU-1AZXnm0-k_2sfJOQ,"(32.76679550000001, -96.5991593)",4,6405,143949.0,2558.37,5.040855603325706,0.45860429355611537
333,HardinCountyIA,"Hardin County, Iowa",UCldvOvGdfCT76xAGFpJ5u7Q,"(42.4285425, -93.17796589999999)",116,397607,17048.0,200729.609,5.0403060736218395,0.20006244784361485
334,"Cedar City, Utah - City Council","Cedar City, Utah",UCvv1r4z0JQJjAIgeLmMGmbA,"(37.6777847, -113.0610041)",34,329945,31806.0,136056.077,5.039562477316024,0.1297424929261653
335,Essex County New York,"Essex County, New Jersey",UCUTiUCto7MsxIbqK5M1rMrA,"(40.7947466, -74.2648829)",106,362244,808285.0,199038.89799999996,5.0375323630583715,0.3080617575027238
336,Newark City Council,"Newark, Ohio",UCWZ28Fau9gZ1D0U8F2L6UKg,"(40.057701, -82.4040069)",203,1184678,49423.0,484005.2630000001,5.037420611492045,0.25843569742882566
337,CityofLeagueCityTX,"League City, Texas",UCRyTPtc3XEWCGGpT7ddmcJg,"(29.5074538, -95.0949303)",21,4956,104903.0,1896.277,5.037096330790012,0.384544970808063
338,City of Stayton,"Stayton, Oregon",UCVALQZk-x5ZMWOCGh_fKPtg,"(44.8006775, -122.7945333)",47,459180,8129.0,198004.10600000003,5.036714711637277,0.4234139852887928
339,City of Guthrie Oklahoma,"Guthrie, Oklahoma",UCXgtbXE9AmzOLEYm1wxe6tg,"(35.878937, -97.42531849999999)",645,2205474,11350.0,886751.5629999987,5.035836964554242,0.3535297225075721
340,City of Sherwood Arkansas,"Sherwood, Arkansas",UCF1JLn4XfEMB_403o-gj7PQ,"(34.8150907, -92.2243153)",38,191536,31081.0,97060.06099999997,5.035785557412205,0.35655804761421867
341,"City of Huntington, Indiana","Huntington, Indiana",UC8hwdT9hgRsEUzl-aPlM1vA,"(40.8831011, -85.49747599999999)",5,2992,20330.0,1503.068,5.033909376276644,0.22879062384529994
342,City of Lowell,"Lowell, Michigan",UCeObjQ4b9fmrV22EiBb5KSA,"(42.9336426, -85.34196089999999)",172,840881,4092.0,375111.85099999985,5.03328129718273,0.23725036033147331
343,"City of Brighton, CO (KBRI-8)","Brighton, Colorado",UC7fxHV_KyittFb3M9jDbBGA,"(39.9852617, -104.8205283)",86,239781,40562.0,100638.71599999996,5.02996614713302,0.4567333224860109
344,City Of Cortez Council Meetings,"Cortez, Colorado",UCuJXUzV7IZDST9p2BLMGA7g,"(37.3503413, -108.5695371)",44,343695,8709.0,161509.41599999994,5.0273898415951015,0.16531580362013062
345,MetroNashville,"Nashville, Tennessee",UCKpWDnPeJ9IQ9Sx7AfBORhg,"(36.171835, -86.78063069999999)",477,1187453,,495780.2860000001,5.026199863971352,0.41075606376401314
346,"City of Dover, Delaware","Dover, Delaware",UCE48l9y073rRIXVx9EbLCpA,"(39.158168, -75.5243682)",23,124833,37538.0,59347.628000000004,5.024809918300472,0.14452523429736774
347,Town of Waxhaw NC,"Waxhaw, North Carolina",UCaVNojVBJdyFHzC1zkvhK7w,"(34.9245935, -80.7434019)",86,428705,15147.0,209395.87799999997,5.024340443908084,0.34203255935567506
348,"The Official City Of DeKalb, Illinois Municipal Government Video Channel","DeKalb, Illinois",UC_zpA4Z-yzeySUyvi44cZiQ,"(41.928178, -88.7503978)",176,1696763,45914.0,728123.1480000002,5.022707599130822,0.2877278212408818
349,PlattevilleWISC,"Platteville, Wisconsin",UC6UORZ8U7NlaS3giNhyuAaA,"(42.73416, -90.4784621)",88,629718,12457.0,278901.696,5.020202197691791,0.2856392723806589
350,centervillecityutah,"Centerville, Utah",UCqZ-L_LnFpbGbsBRKz4QFHA,"(40.9180005, -111.8721601)",88,1368533,17657.0,553998.3239999996,5.020048203614672,0.09537397829495196
351,City of Kingman,"Kingman, Arizona",UCCefFg5UL6weXKr-wenyHVQ,"(35.189443, -114.0530065)",9,26564,29472.0,9908.859,5.019955506837929,0.33106199724678054
352,"City of Albany, Oregon","Albany, Oregon",UCbJgGQBiWbOMvpHnGbMLa8w,"(44.6365107, -123.1059282)",19,44973,53503.0,19713.545,5.019877371666744,0.567460967445507
353,Provo City Council,"Provo, Utah",UC1yR7j8igrjxXOR0XsCasfw,"(40.233174, -111.664711)",47,475294,117335.0,205334.39299999995,5.018923499881795,0.20523092387645994
354,WaterlooCommunityTV,"Waterloo, Iowa",UCykjSisg4jbUpxXoEIOqw5A,"(42.485517, -92.3334264)",347,3237035,67587.0,1381054.5479999993,5.017717828185966,0.2488552420937034
355,Town of Cary,"Cary, North Carolina",UCFO7o7pWJ05YPZH6-T0hiyw,"(35.79154, -78.7811169)",355,1485881,165904.0,658034.6950000002,5.016368158892129,0.28110920073379003
356,City of Albion,"Albion, Michigan",UCIsBR9GwwVJIL2wyGJCiXfg,"(42.243097, -84.7530304)",7,42431,8285.0,19312.829999999998,5.01572295930616,0.12549762899367164
357,City of Savannah,"Savannah, Georgia",UCNaTc-Sjmlyby6XoBK8ZtrQ,"(32.0808989, -81.091203)",327,756800,146444.0,334001.86899999995,5.015714057959109,0.3887829997504832
358,Webster Massachusetts,"Webster, Massachusetts",UC1GDU6rDxjb7u7c9NnBm8qw,"(42.05009099999999, -71.88006279999999)",75,688583,17020.0,351241.75300000014,5.014628982725606,0.1609784334679332
359,Town of New Milford,"New Milford, Connecticut",UCy-PHUq7KONS5ytwwbiyMdA,"(41.5778088, -73.4101187)",54,604522,27099.0,273587.878,5.014522267136949,0.14681154098338736
360,Millville Cable Access,"Millville, Massachusetts",UCUmDFf-Vh4YhDiMqAnaMsug,"(42.0278756, -71.5808973)",13,153796,3252.0,70480.45,5.0142666236471225,0.13932687166102425
361,St. Louis County,"St Louis County, Missouri",UC2zQKsLDopMP6vAxDzAD0gw,"(38.6103023, -90.4125181)",7,9070,,3572.159,5.014201008298813,0.25606548536302504
362,Pembroke Pines Media,"Pembroke Pines, Florida",UC5C4-X_lLc_8dZ3pJzYRkZA,"(26.0274521, -80.34878549999999)",73,124018,170712.0,52226.55800000001,5.008999302395707,0.4172122678979848
363,CityofErie,"Erie, Pennsylvania",UCQuw9_BuK-LGyRIOygHdkWw,"(42.12922409999999, -80.085059)",304,3003460,97369.0,1135419.3870000003,5.008639982720409,0.16407554489097717
364,"NEK-TV Newport, VT","Newport, Vermont",UCKV7WVHOpRCBCwKh6P_O7iw,"(44.9346445, -72.2133462)",32,326522,4288.0,149431.97800000003,5.006357073092941,0.18891954269771039
365,CalaverasCommunityTV,"Angels Camp, California",UCBa_xGTLZoFxsXKD_T506Qw,"(38.0696456, -120.5406678)",608,5204415,,2199008.0649999995,5.004141545842949,0.25669782789576706
366,"City of New Ulm, MN","New Ulm, Minnesota",UCe4BSgVG_mRBNvu9HThuxnw,"(44.3144394, -94.45930179999999)",380,2098042,13238.0,911889.8379999987,5.0040607812794695,0.25805509727572523
367,Alabama Together,"Alabama, US",UCDWgz3YCxKXKbV9fGstbeLw,"(32.3182314, -86.902298)",5,1961,,899.37,5.002127276547977,0.40374560087173667
368,"SEMCOG, the Southeast Michigan Council of Governments","Detroit, Michigan",UCr0wxe2H-pgsBP8ag_HPNHQ,"(42.332029, -83.0476)",36,27128,673104.0,11011.983,5.000885142524068,0.3467561496304521
369,"Story County, Iowa","Story County, Iowa",UCTLajnmHYlpovDrzvgi0hMw,"(42.1040438, -93.5003454)",50,375653,97502.0,190585.3099999999,4.999836630078163,0.26214563399791757
370,City Of Sebastian,"Sebastian, Florida",UCpzAJigyTTM4gsU8NrjakIw,"(27.816415, -80.4706078)",176,1682821,25174.0,684629.2369999997,4.9992547959197395,0.2261858338983257
371,Virginia Government,"Richmond, Virginia",UCJmtQnnG2MwpHnSMzVj0siQ,"(37.5392253, -77.4319501)",125,420512,227032.0,179487.22599999997,4.9982483690646236,0.3305900095073598
372,Overlook NM,"Placitas, New Mexico",UCzdNUVVmpA4paSfwJUGjaLQ,"(35.3069845, -106.4486358)",16,8348,,3425.5069999999996,4.996370449486835,0.46268945689766333
373,Oconee County GA Government,"Watkinsville, Georgia",UCwmtvTm8RGjiwmHUO8DP1mw,"(33.855574, -83.39978049999999)",9,2063,2892.0,807.947,4.995439178713134,0.4561900196805166
374,Town of Emmitsburg,"Emmitsburg, Maryland",UC17xHnkC_VLkirblkEBdIDQ,"(39.7045417, -77.32693069999999)",54,308790,3090.0,124928.852,4.994271160624958,0.3763037462068017
375,"City of Battle Ground, WA","Battle Ground, Washington",UCdncPb-Uoz18wrk91zGhBig,"(45.7806939, -122.5475467)",1,4336,20576.0,1699.99,4.991686130177464,
376,montgomeryva,"Montgomery County, Virginia",UC4309B4P5WeQPjmZze1NUSw,"(37.2070304, -80.4103957)",218,1757787,98559.0,749640.4570000003,4.990934660056809,0.3449444448871617
377,"Boone County, IL Government","Belvidere, Illinois",UCHPpw58YhZQALqaKm1inNpA,"(42.2539351, -88.82470459999999)",11,134241,29625.0,64529.03800000001,4.990467012038326,0.06507811864816933
378,Marysville City Hall,"Marysville, Kansas",UCrPPJ9eQiOxWf3ZisFjK3qQ,"(39.842909, -96.648336)",35,643724,3271.0,257409.516,4.99013473640392,0.14907538387359648
379,Town of Vernon,"Vernon, Connecticut",UCYtqAAiyly9HwdaX6MHmDTg,"(41.8186802, -72.47903699999999)",5,49626,29289.0,22721.139,4.9893861812120495,0.23067908954185026
380,County Supervisors Association of Arizona,"Phoenix, Arizona",UClaFI77eHUaMVsDH4uiQzFQ,"(33.4476418, -112.1008513)",5,10270,1626078.0,3990.1589999999997,4.9891733220329915,0.3150746182671741
381,City of Marion Ohio,"Marion, Ohio",UCyKE64OZ0-ACD-5N6oaC-Yw,"(40.5886699, -83.1285242)",22,126162,43600.0,55562.386999999995,4.986361083979421,0.20325780047634812
382,CHANNEL 17/ TOWN MEETING TV,"Burlington, Vermont",UCJkWMLSqRNKLoyUZQiNoAcQ,"(44.48777330000001, -73.20746150000001)",355,1086051,42239.0,478390.8980000001,4.985916134570489,0.4206196891745373
383,LivoniaTV,"Livonia, Michigan",UC81D_yBDdwEXucKYYvCnXOQ,"(42.3959845, -83.37006509999999)",141,506438,94105.0,224563.16399999996,4.984814569369557,0.43233068862480406
384,Iowa Counties,"West Des Moines, Iowa",UCLHmerxoha95Oif5ubraYwA,"(41.59464800000001, -93.78072999999999)",20,106308,65608.0,44440.498999999996,4.984683811150904,0.31230584264888733
385,City of Crestview,"Crestview, Florida",UC6c0B22M2HhR57yJT3OPGyw,"(30.7541808, -86.5727995)",17,97479,23856.0,55987.715000000004,4.984375196816584,0.2554738436502519
386,City of Charleston SC,"Charleston, South Carolina",UCxDws_o-1voXBNOAZ17gZxw,"(32.7764749, -79.93105120000001)",32,319911,134875.0,138151.37600000002,4.983148203353327,0.16419492878482242
387,"City of Saginaw, MI","Saginaw, Michigan",UCTezqtA8UmUTHS_s4F9-Hpw,"(43.4194699, -83.9508068)",140,821630,48677.0,362863.1359999997,4.980778538755734,0.32419796527120825
388,New Jersey Government,"Trenton, New Jersey",UCUsNf-kiBIzayz14C59tKUQ,"(40.218798, -74.764752)",816,550018,84964.0,235975.25900000008,4.9801002421197715,0.3509032917148371
389,"City of Mobile, AL","Mobile, Alabama",UCdLrEwf3ewSNmCNm21fVfNg,"(30.6953657, -88.0398912)",159,1365532,190265.0,615417.6929999999,4.978242243885822,0.21784234564700822
390,Town of Rising Sun,"Rising Sun, Maryland",UCVhXWOvvPRbCJ24IyH2tZyg,"(39.6978871, -76.06272659999999)",76,414238,2800.0,177933.015,4.97768606980267,0.19750574750884076
391,Town of Coventry Rhode Island,"Coventry, Rhode Island",UC-C8lpWeCKplTv8DDVh64aA,"(41.6885978, -71.5642076)",35,543529,34933.0,256568.01400000002,4.976685957862602,0.21267303271074517
392,East Windsor CT,"East Windsor, Connecticut",UCgNSFYXWvjpaYULSt-XoZOA,"(41.9161361, -72.5578799)",30,442605,11395.0,212006.88700000005,4.971418721854433,0.1619281248637763
393,"Unified Government of Wyandotte County / Kansas City, KS","Kansas City, Kansas",UC64VEdFxbNUAkmtYHwXwoJA,"(39.1129848, -94.62542409999999)",3,7342,152938.0,3683.0589999999997,4.96890365662382,0.29064161442317066
394,Wallingford Government Television,"Wallingford, Connecticut",UCdWP8OnNWc1nyrtewoqYRpQ,"(41.4864179, -72.7907814)",125,1303182,44741.0,546386.1309999997,4.968844670184896,0.1828633603226943
395,City of Columbia,"Columbia, South Carolina",UC6-Zkaz4V41CKJRyqTNAzTg,"(34.0007104, -81.0348144)",290,389785,133114.0,172258.47,4.968455030729571,0.4493916379232249
396,Will County Board,"Joliet, Illinois",UCfyLcOmTH_aH_aIgCtUgnBg,"(41.5300049, -88.08104469999999)",84,713315,148462.0,312651.44000000006,4.965873342102612,0.22444499324030326
397,ClarkCountyNV,"Clark County, Nevada",UCjTkV9P9szNXPht8tJKl0aw,"(36.0795613, -115.094045)",12,4672,2204079.0,1822.8890000000004,4.962879569680788,0.266168034939946
398,City of Irvine,"Irvine, California",UClqzzO7LI1d8KB20gwDnd0g,"(33.6845673, -117.8265049)",23,14585,277453.0,5760.745000000002,4.96133064400975,0.2632449141737877
399,"Carroll County, Virginia","Carroll County, Virginia",UC0g49JAgfj_NkbR6eDtgdyw,"(36.6778699, -80.7214417)",3,1967,29708.0,931.939,4.96122720381624,0.262439806234778
400,CityofGulfport FL,"Gulfport, Florida",UCMcHz3QnFbjgo_QVvyJYDMQ,"(27.7483613, -82.7034334)",114,147252,12371.0,68988.24600000001,4.958684457691999,0.4534684079730357
401,City of Nogales Arizona,"Nogales, Arizona",UC2CaTc0tirQupKj3y2zIQSg,"(31.3403775, -110.9342532)",81,609372,20076.0,300955.08400000015,4.95726495086509,0.21806949035280562
402,Oklahoma County,"Oklahoma County, Oklahoma",UCz_5jEcl6kV8f6Y71exwfJA,"(35.6038323, -97.35165579999999)",173,813754,787958.0,381199.41799999995,4.9571675866710105,0.19767608904551923
403,Taneytown MD,"Taneytown, Maryland",UCQ7oudT2tx4u4P81ClUD6Hg,"(39.6578773, -77.1744279)",104,727193,,318929.8429999999,4.953765714024015,0.36208192934212985
404,Columbus Municipal School District - MS,"Columbus Municipal School District, Mississippi",UC5aQEWlv0bv0RfURb9dIEeA,"(33.5403856, -88.4210006)",36,332582,,134023.164,4.952189574350322,0.14154265942622646
405,"City of Las Vegas, New Mexico","Las Vegas, New Mexico",UCNGDVGRRAL0qVevel5JYeRw,"(35.5942137, -105.2227978)",27,218915,13201.0,108846.54599999997,4.952031186720337,0.15168450765052086
406,CRTL Idaho,"Idaho Falls, Idaho",UCNgX63P-NrTDkW1b57j23jA,"(43.448534, -112.082023)",6,12241,61076.0,4866.479,4.9503969658646065,0.3082673855914887
407,Town of Brighton,"Brighton, New York",UCRac-30bEStYoqUvi6HkiWw,"(43.1222716, -77.57340479999999)",42,483972,36487.0,226294.03499999995,4.9489836979479005,0.23102687714028228
408,"City of Calhoun, GA","Calhoun, Georgia",UCFPzDB48ZQ6IAF_z0NQBPKQ,"(34.502587, -84.9510542)",27,177765,16414.0,84282.04599999999,4.948759680270054,0.25226992534797954
409,"City of Marshall, MN - Studio 1 TV","Marshall, Minnesota",UCQN3dBrZlxrHNc6G0HTnIZA,"(44.454693, -95.758934)",192,1331087,13710.0,613774.506,4.945007047057255,0.34318119173345457
410,City of Salida Colorado,"Salida, Colorado",UCmmG6TTREbWPiGhQK_Jy1Ig,"(38.5347193, -105.9989022)",173,2044964,5856.0,954806.0770000004,4.944752303647485,0.18710387197187844
411,"City of Bonner Springs, Kansas","Bonner Springs, Kansas",UCyUl-B3mt386DdFgJqYfFyg,"(39.059726, -94.8835754)",35,222764,7784.0,109557.73300000001,4.944146690382467,0.11888345047178944
412,collincountygovt,"McKinney, Texas",UC-E9aeShO9W7onfC1AoIwzw,"(33.241749, -96.6318)",1,1104,181330.0,588.59,4.943350822656841,
413,"City of Jackson, MS - Government","Jackson, Mississippi",UCqo3szaVkdRjZ1cw1kKZktg,"(32.2981176, -90.1819512)",31,77572,166965.0,37343.066999999995,4.941581863408771,0.34254188509629346
414,"City of Edwardsville, KS - Government","Edwardsville, Kansas",UC2M-zO1Jcwm4YOjbxFhdNAA,"(39.0562158, -94.82191519999999)",32,240807,4498.0,121777.96699999999,4.940749649392628,0.24454302059648697
415,City of Madison Wisconsin,"Madison, Wisconsin",UC3IAPMgYfaBEJ5eeqbvWkzQ,"(43.0730517, -89.4012302)",111,389334,255214.0,173486.763,4.9399653923423354,0.3908780263467934
416,"Portsmouth, Virginia","Portsmouth, Virginia",UCZLXNtcdwwjECrPg6YrTiYg,"(36.8354258, -76.2982742)",489,3150815,94572.0,1314443.2939999984,4.939454357930037,0.3375068914281532
417,FultonGovernmentTV,"Atlanta, Georgia",UCYH7E0jH6HxE-3KTRluH8SQ,"(33.7513931, -84.3913883)",58,170419,486290.0,68867.29699999999,4.9388905511577015,0.29798442135442577
418,MAofSC,"Columbia, South Carolina",UCy9fEYosYMZ8hHNjC5Ckcgw,"(34.0027059, -81.0298034)",75,21808,133114.0,9483.450999999994,4.938174783696151,0.3280028813245689
419,"City of Dublin, CA","Dublin, California",UCVxFLCImmHgKXs9RQkY6OkA,"(37.7021521, -121.9357918)",6,3475,60939.0,1340.779,4.93786264741735,0.4009790983066802
420,"Exeter, Rhode Island","Exeter, Rhode Island",UC_0OoUlSPYRpwmRMpQ8-sCw,"(41.5750676, -71.5351476)",18,244307,6527.0,136823.408,4.93587678549547,0.1734727421983044
421,"City of Beresford, South Dakota","Beresford, South Dakota",UCPY5tEeuWxpKG4zHoSzAPVg,"(43.0805446, -96.77365499999999)",3,8959,1953.0,10402.63,4.934700328332071,0.19043028707445647
422,GOCC WISCONSIN,"Wisconsin, US",UCltp6NRcZoNXtHllH8VOMYQ,"(43.7844397, -88.7878678)",1,18932,,6562.15,4.933414566263927,
423,Official City of Stonecrest Georgia,"Lithonia, Georgia",UCp3rYzHzhZvd9Y7Ruf1O6kg,"(33.6904766, -84.0838805)",11,126699,2094.0,57357.109000000004,4.931394481714122,0.1388762608193546
424,CityofPalmdale,"Palmdale, California",UCJHoqIwLNDlVFu7vZEJNkdA,"(34.5794343, -118.1164613)",2,6639,157519.0,2343.19,4.930756075707318,0.40833620048174674
425,Larimer County Government,"Fort Collins, Colorado",UCTZ-neESjN8BeV_MKQEc5Uw,"(40.5865084, -105.0797411)",1,4761,165080.0,1910.419,4.929349535556202,
426,Long Branch,"Long Branch, New Jersey",UCazWLOC-aO4snD-76P7IhbA,"(40.30427780000001, -73.9923596)",14,85253,30762.0,37791.819,4.925275600813598,0.2044042703697888
427,"Ally Miller, Pima County District 1 Supervisor","Tucson, Arizona",UC79IZA1RmoYaLOFWLbqY2fQ,"(32.221975, -110.9736346)",283,588503,535677.0,274590.39599999983,4.9239936817522985,0.34905539534546287
428,Town of Old Saybrook Video Library,"Old Saybrook, Connecticut",UCwq-kallXEqCHOy9C35r34A,"(41.2902388, -72.3744107)",180,1289203,10132.0,612598.3269999999,4.922738049669133,0.2397923117311061
429,"Erie County, Pennsylvania - Government","Erie, Pennsylvania",UCDEhxGyYjgZkYrLb-NGeq2g,"(42.1291683, -80.0879985)",60,316021,97369.0,142105.596,4.9227113109527165,0.1986110436701788
430,Vidalia Louisiana,"Vidalia, Louisiana",UCa6cbVaGERmEA6WGt33z-dg,"(31.5654441, -91.4259495)",73,254337,3990.0,130311.492,4.922000024353653,0.41438034203049207
431,LawrenceburgIN,"Lawrenceburg, Indiana",UCQ2JDPkIH-LfT_WRhvrYOMA,"(39.090891, -84.8499504)",106,736485,10919.0,338697.3079999998,4.9199583175428785,0.22439683935306357
432,CITY OF HOLLYWOOD PARK,"Hollywood Park, Texas",UCZnWXeNy5xRZUYFGT86lPMA,"(29.6005047, -98.48724)",10,70643,3365.0,49547.67,4.919502095035904,0.19866710911692312
433,McDowell County Government - North Carolina,"Marion, North Carolina",UC0mTfn8VlbzCAPoS4ypHSbQ,"(35.6839474, -82.0082269)",31,337074,7640.0,138493.89800000002,4.918698395752678,0.21807052674911856
434,Wake County,"Wake County, North Carolina",UCJWIhzcE0ZVmh3kcZSj7gDA,"(35.8031909, -78.5660852)",13,26811,1072203.0,11596.169000000002,4.914732176580283,0.38488573989533736
435,City of Newport RI,"Newport, Rhode Island",UCQEXfLzrNpxe7AZme3dTP0w,"(41.4901024, -71.3128285)",6,30463,24942.0,13547.240000000002,4.913933178716527,0.34439321733823414
436,Piedmont West Virginia Info Network,"Piedmont, West Virginia",UCAzc8Mv9NyzjOG2xD1KZFEg,"(39.4824455, -79.04717529999999)",26,125534,813.0,72898.72500000002,4.913682217356428,0.17034747044399573
437,NH Municipal Association,"Concord, New Hampshire",UCJAJA0rcyK-nviBQyZbDSRw,"(43.2191404, -71.4880368)",1,8336,43019.0,3355.1,4.907244250379352,
438,Sun City AZ,"Sun City, Arizona",UCdLy0Uy9sKWCJNLz37tn5ug,"(33.5975393, -112.2718239)",17,100024,,43740.728,4.900387281000621,0.25765564208708475
439,Rappahannock News,"Washington, Virginia",UCfrlkifp1NKxUnONQi4IFqA,"(38.7125007, -78.15999029999999)",49,521941,127.0,304655.45600000006,4.899982412676052,0.25129553950551703
440,Mendocino County Video,"Mendocino, California",UCSYcX7uSxr-GyRh20JtuwFg,"(39.2917155, -123.7544678)",72,720271,,334260.655,4.89797196634435,0.20661150003395679
441,City of Kitttitas WA 98934,"Kittitas, Washington",UCEzXaxmyxepL5x1y2Y6c3Mw,"(46.9802702, -120.416799)",2,6474,1491.0,3877.7889999999998,4.897001387076056,0.17338848535463774
442,City of San Diego,"San Diego, California",UCCd4neYX0bX9UEYKJZsgpBw,"(32.715738, -117.1610838)",1,6299,1419516.0,2856.42,4.893013906665159,
443,Greenwood Indiana,"Greenwood, Indiana",UC60y34F88H1zvYh0sg3AdTg,"(39.6136578, -86.10665259999999)",8,47707,57375.0,25513.157999999996,4.892125135892781,0.22854332552033285
444,Walton County Georgia Government,"Monroe, Georgia",UCj0GzvDmT3kXYcl731gQhZQ,"(33.7972101, -83.6962483)",14,14968,13484.0,6667.569000000001,4.892120187792767,0.48960929537970654
445,Westchester County Government New York,"White Plains, New York",UCOE0wn9vJwY2TcgJNBIpIDA,"(41.0294391, -73.76753719999999)",5,4183,59047.0,1855.07,4.888598905788495,0.12326132252126064
446,Troy Ohio Videos,"Troy, Ohio",UCNnrSMWnG45jXoMSlwVFSNg,"(39.9872837, -84.20216940000002)",388,1008222,25865.0,440304.94999999984,4.886057601170895,0.25470340778276096
447,CityofAikenSC,"Aiken, South Carolina",UCHtMErIZ0_lu5v3kJAzPitg,"(33.5604168, -81.7195533)",50,324073,30721.0,153805.59099999996,4.880908358020962,0.39437944330097385
448,Governor Asa Hutchinson,"Little Rock, Arkansas",UCLJcNdgp2PMEmiqJEoYzqwQ,"(34.7469468, -92.2889342)",196,355118,198606.0,155948.74200000003,4.87217668164784,0.35486750626503216
449,"City of Cortland, Ohio","Cortland, Ohio",UC4Mu0kFfL3Cei3ZOZc5Zyeg,"(41.3303342, -80.7253575)",44,142153,6800.0,71292.065,4.871933967872935,0.1155238804244611
450,"City of Whitehall, Ohio","Whitehall, Ohio",UCvjez8n5YvwKfEZ-2RX9fkg,"(39.9667308, -82.8854559)",50,252578,18913.0,146883.94199999998,4.8701880962596125,0.3328777424944491
451,New York City Council Member Laurie A. Cumbo,"New York, New York",UCxBVCe2yzB9z24oMA6WovEw,"(40.7872584, -73.971346)",20,4509,19849399.0,1786.917,4.869757171302705,0.5927187356391012
452,LCDC Maine,"Lincoln County, Maine",UCXdIEZfDNG_QgJOAmCtWn8Q,"(44.108282, -69.511031)",19,1664,34204.0,645.2599999999999,4.869622288678607,0.6957106849492182
453,Maryland Business for Responsive Government,"Columbia, Maryland",UC9-lxdBwbGwCMl2Nci9x04A,"(39.197507, -76.853346)",3,10428,,4696.39,4.8692201137802895,0.11667683540000666
454,"City of Dearborn Heights, MI","Dearborn Heights, Michigan",UCRdsv07DxBTF5ZWgiqXPcKw,"(42.3369816, -83.27326269999999)",17,131080,55758.0,53339.19699999999,4.868773225089829,0.31063036218570006
455,Coventry Meeting,"Coventry, Rhode Island",UCJSTZH1geFoNt2VH2lHEGGg,"(41.6993579, -71.54891099999999)",117,501130,34933.0,248980.56899999993,4.865623946189953,0.27973352795774187
456,City of Beaumont - Government,"Beaumont, Texas",UCnY6nNk8zfXZulMg1zbwEBg,"(30.0818183, -94.0944202)",8,1735,119114.0,821.6900000000002,4.864553887039325,0.6058337179662604
457,SB County Community Development & Housing Agency,"Barstow, California",UCObCQpOZy4Z6zfG0pyKxPYQ,"(34.875742, -117.0141083)",3,22254,23916.0,8307.479,4.863395805329693,0.31567850436656314
458,City of Iowa City Government,"Iowa City, Iowa",UCxvLmwfHhFfaqHnQYrhncqA,"(41.6604909, -91.52949319999999)",1,2510,75798.0,1206.6,4.860226545461324,
459,Salem County Government NJ,"Salem, New Jersey",UCB_2qtc3DG7v5JbRq-7HZ-Q,"(39.5870389, -75.4543516)",14,4787,4774.0,1984.496,4.856736886187725,0.30561364426239923
460,"City of Franklin, VA","Franklin, Virginia",UCMmXa_L4o0ZgMpRDCZs1syA,"(36.6776507, -76.9224608)",17,197918,8176.0,90112.115,4.849957555622224,0.16114566927580082
461,Westmoreland City Council Meetings,"Westmoreland, Tennessee",UCgjmBbalmzDjqkZdJbS0AgQ,"(36.561532, -86.24781000000002)",32,177924,2310.0,92591.65899999999,4.849822387354304,0.11606065713802369
462,Humboldt County Iowa,"Humboldt County, Iowa",UCZ6V3dlCIihapzhYTHjpCxw,"(42.7482597, -94.19234000000002)",100,879517,9564.0,386978.20299999986,4.848652937827352,0.15229026245993602
463,Catoosa County Government,"Ringgold, Georgia",UC64XOfN6J-FoYWa8r3nsXzg,"(34.9143911, -85.1120737)",1,5694,3584.0,2881.86,4.844602142944749,
464,Brookfield CT,"Brookfield, Connecticut",UCe10fHPwRxmDQ9oxitmqn3g,"(41.4825947, -73.4095652)",1,5039,17133.0,2366.58,4.834465836949985,
465,Pittsylvania County Virginia,"Pittsylvania County, Virginia",UCBZbT6gifgJPXGq9Rt7z5lw,"(36.7440186, -79.4703885)",52,422201,61258.0,208443.25399999993,4.8344468822995115,0.16130907396969263
466,Citizens4Integrity,"South Dakota, US",UCsao3TFcldlkoBifyeanZ5g,"(43.9695148, -99.9018131)",12,35830,,14642.038,4.825291406166687,0.17531931896957054
467,Town of Stafford Connecticut Government,"Stafford Springs, Connecticut",UClrauDkq299UCkPjf4VTGrw,"(41.9504823, -72.3080983)",4,21631,,8735.37,4.822415872042109,0.34576051235519567
468,City of Marion Illinois,"Marion, Illinois",UCUKL9LxylG4TP8YgVSaSwjQ,"(37.7306054, -88.9331256)",72,427950,17762.0,209092.97800000003,4.81864610693552,0.2692659180559324
469,Logan County Oklahoma Local Government,"Guthrie, Oklahoma",UCHO_-sm2MrhIrt8AivUhMvA,"(35.8780672, -97.4275742)",19,58704,11350.0,34344.898,4.814711879088219,0.2562724254511626
470,Cumberland County PA - Commissioners,"Carlisle, Pennsylvania",UCDuoEW_vCX40aemvNS9RnKw,"(40.20116700000001, -77.188848)",185,870779,,492904.2259999999,4.8123760820638015,0.16785764083891228
471,"City of Altoona, WI","Altoona, Wisconsin",UCLG1rb91nDPt2S5APItfccg,"(44.8046825, -91.44321479999999)",8,6438,7680.0,3266.349,4.811931746360839,0.3648621253482976
472,HopeCity NC,"Winston-Salem, North Carolina",UC2NXXKwoDujEJ38TJufBNTg,"(36.0024462, -80.1493969)",143,497886,244605.0,210694.82999999984,4.80525120454049,0.34725860335963216
473,City of Lennox South Dakota,"Lennox, South Dakota",UCv3rb5ZDuUF4uFk6yzeJEmQ,"(43.3541476, -96.8919951)",2,13907,2386.0,10111.39,4.7982523920548505,0.27929092619547685
474,Wisconsin BBA Government,"Madison, Wisconsin",UCM7ezxQo8FxzGRqalOuAXYw,"(43.0727758, -89.4014904)",12,2625,255214.0,1169.927,4.796429612029256,0.39552805316885736
475,ClerkPBC,"West Palm Beach, Florida",UCNvqLXX6GTxXT7Oh2ugk2Zw,"(26.7152573, -80.0539668)",4,6764,110222.0,2981.2699999999995,4.7902056589275706,0.8754133407598443
476,Newburgh Maine,"Newburgh, Maine",UCiANGUnQ2sSa7SaV_sSW2Aw,"(44.71736749999999, -69.0003898)",38,273389,1499.0,137976.19200000004,4.786101179128728,0.18950117699908123
477,Huntsville AL Chamber,"Huntsville, Alabama",UCAAaVq-FtTy8HOhVel2f8sQ,"(34.732008, -86.58898599999999)",16,11685,194585.0,5931.214999999999,4.786034735755027,0.2837987541794833
478,Helena Civic Television,"Helena, Montana",UC9AloSLo5HpsRCpfnFo7fcQ,"(46.60445199999999, -112.0225599)",52,194785,31429.0,85566.306,4.781950092500604,0.4091782172679882
479,JolietChamber,"Joliet, Illinois",UCrw4xfNf3J6cLHhBT9MZONw,"(41.525363, -88.08194300000001)",12,15202,148462.0,7108.398999999999,4.780642021326638,0.47698203455705956
480,The Rappahannock Record,"Kilmarnock, Virginia",UCLvUPpawpHiVisnCS6XAkqA,"(37.7114492, -76.3808789)",11,41041,1416.0,26863.778,4.767017452503854,0.24604674480471458
481,montgomerycountymd,"Montgomery County, Maryland",UC5NXwF1EDfbecNogLVlrALw,"(39.1547426, -77.2405153)",50,70235,1058810.0,28580.279000000002,4.766892862434011,0.43201402064981886
482,Bernalillo County,"Bernalillo County, New Mexico",UCAKt5BZwiEUsv7sfIuPVDFQ,"(35.0177854, -106.6291304)",4,21904,676773.0,9110.859999999999,4.7635511800444075,0.6610905912404897
483,CityofTacoma,"Tacoma, Washington",UCeE_KkLW1qXJvzHPt6jCquQ,"(47.2528768, -122.4442906)",2,3545,213418.0,1285.74,4.762287926299077,0.09013039279498719
484,fultoncountybcbs,"Atlanta, Georgia",UCwvUHaBlFXXlE56OIqw18bQ,"(33.8477268, -84.36819779999999)",6,4666,486290.0,3266.75,4.75894832600961,0.23062131396865834
485,Woodland Park Colorado,"Woodland Park, Colorado",UCeKKRfEM3cKxDB3yz19_eDQ,"(38.9938808, -105.0569301)",133,1115208,7642.0,507263.32800000015,4.749413273455962,0.30845194979876034
486,"Spring Lake, NC","Spring Lake, North Carolina",UCm0CjxLmNE738zbbEDXqKbg,"(35.1679395, -78.97280560000002)",2,3431,12580.0,1887.1299999999999,4.748634416495233,0.5179567048915876
487,"City of La Marque, Texas","La Marque, Texas",UCxVsgw5xtGI61mjpnZIsq_A,"(29.3685674, -94.9713134)",7,23339,16766.0,12819.098000000002,4.745376548459672,0.24314635803438023
488,Minneapolis KS City Council,"Minneapolis, Kansas",UCA6z63vmfvbdwJ2AYtXy05Q,"(39.1231551, -97.7056365)",20,127008,1960.0,92230.659,4.73983925232263,0.16665354748834488
489,Lovington CityHall,"Lovington, New Mexico",UClx_ZlWABOnJ8VIMCmNxUHQ,"(32.9469039, -103.3474216)",2,12325,11152.0,7173.0,4.713873185386416,0.10356964884924268
490,"CDL Boulder City, NV","Boulder City, Nevada",UCafmz4bssPAHklFxg7bYnGg,"(35.976325, -114.849629)",4,15199,15971.0,7190.467999999999,4.707424027368786,0.35117816260612683
491,"Wilson County, TN - Government","Lebanon, Tennessee",UCJ0nj4kiFHnfPUlW4uySzww,"(36.2131167, -86.28905320000001)",38,75738,32226.0,36567.024999999994,4.67175282569728,0.500146063834025
492,TheBurbankChannel,"Burbank, California",UCNDlWLv3ZR1YlYRBxemNF3A,"(34.1808392, -118.3089661)",1,6156,104834.0,3202.62,4.664658529317269,
493,Central County Water Control District,"Clewiston, Florida",UCPO42Ece_pmdcQnrtDze-VA,"(26.6227859, -81.0785101)",3,29192,7720.0,19199.93,4.6633766026447985,0.09679040091319262
494,Iowa Government,"Des Moines, Iowa",UCc0mFeh-UgNJJ8rckSDSeFw,"(41.591247, -93.6009484)",7,7285,217521.0,3152.6690000000003,4.663244955728198,0.2129669309188106
495,Town of Hope Indiana,"Hope, Indiana",UCP0V3YxQavE_NWKSYNw-7EQ,"(39.3039397, -85.77137220000002)",2,20146,2180.0,10161.739,4.6596369947286185,0.11703628913486785
496,MS Library Commission,"Jackson, Mississippi",UCQ3sc0r86d2-cZ-NngizHRA,"(32.3394965, -90.14696359999999)",13,4563,166965.0,2002.049,4.639363534809086,0.37354466794601954
497,North Beach MD Town Meetings,"North Beach, Maryland",UC8Fpm9HJuO0ucbnCqp5H60w,"(38.7048652, -76.53337619999999)",2,11860,2014.0,6797.119000000001,4.633207755903806,0.1404849628998593
498,"Peoria County, IL, Government","Peoria, Illinois",UC-qaAdj6tzIxqi3odzEoMlQ,"(40.6929334, -89.5897553)",4,1031,112883.0,453.6,4.61307269697418,0.4755555416075036
499,"City of Huntington, WV","Huntington, West Virginia",UCIbOv9DiKt7s8KPLAjRwD8g,"(38.4192496, -82.44515400000002)",5,7823,47079.0,4113.57,4.610552721956455,0.2830445959001
500,Davie County Government North Carolina,"Mocksville, North Carolina",UCAiN6jkUKjTwR9skwbCiX7g,"(35.8936073, -80.5622214)",20,73224,5271.0,39436.49800000001,4.604507218275156,0.3485896094649242
501,Arizona City Council Managers,"Paradise Valley, Arizona",UCfETHSDPPzHUpTnt1v4ETSw,"(33.5307551, -111.9425145)",1,18969,14293.0,9158.061,4.602507726125943,
502,"Dermott, AR - City Council Meetings","Dermott, Arkansas",UCvnMypyvB77uiB3lQOM31WQ,"(33.527622, -91.43401899999999)",6,18741,2597.0,15467.978000000001,4.600778886099032,0.21497626197385594
503,"City of Cuba, Missouri","Cuba, Missouri",UCh7i3_jSD81CUG2b4SsMRHw,"(38.0628225, -91.40348329999999)",12,9340,3307.0,37436.727,4.508320895743966,0.3429363582948416
504,"Town of Scottsville, Virginia","Scottsville, Virginia",UCaHK29YBXdB-aMl_b6e7rhA,"(37.798754, -78.4955648)",2,9009,612.0,4655.03,4.5046774725781855,0.3217502943636684
505,Mississippi Department of Human Services,"Jackson, Mississippi",UCyIAzmybt32v-YoYNYbDVHw,"(32.2983727, -90.1860277)",5,2348,166965.0,1065.3390000000002,4.389258825304605,0.3407959397458891
